test_Adachi_00001.jpg,6 -12 229 248 584 
test_Adachi_00002.jpg,2 85 201 305 612 
test_Adachi_00003.jpg,3 0 288 231 468 
test_Adachi_00004.jpg,6 400 382 604 600 8 106 272 281 610 
test_Adachi_00005.jpg,7 148 473 647 608 
test_Adachi_00006.jpg,5 11 297 181 530 
test_Adachi_00007.jpg,5 -3 265 591 592 
test_Adachi_00008.jpg,4 332 289 453 404 1 307 271 607 501 7 156 287 254 408 
test_Adachi_00009.jpg,6 353 345 561 633 4 338 313 561 628 
test_Adachi_00010.jpg,8 415 199 633 437 3 243 257 365 609 
test_Adachi_00011.jpg,3 216 308 503 612 5 -1 363 329 451 
test_Adachi_00012.jpg,8 374 385 595 613 
test_Adachi_00013.jpg,8 367 291 538 578 
test_Adachi_00014.jpg,6 181 355 354 635 
test_Adachi_00015.jpg,8 359 349 641 491 6 426 197 631 389 1 88 90 283 551 
test_Adachi_00016.jpg,6 377 353 495 566 
test_Adachi_00017.jpg,2 207 285 328 599 
test_Adachi_00018.jpg,6 323 307 448 623 
test_Adachi_00019.jpg,1 353 431 471 624 4 225 466 321 577 2 8 532 288 585 
test_Adachi_00020.jpg,5 -7 186 620 584 
test_Adachi_00021.jpg,3 131 161 316 573 
test_Adachi_00022.jpg,5 276 312 331 411 2 108 327 583 459 5 179 321 296 499 5 278 456 439 619 
test_Adachi_00023.jpg,4 266 229 500 339 8 41 274 291 612 
test_Adachi_00024.jpg,6 32 179 301 602 
test_Adachi_00025.jpg,1 293 256 396 593 
test_Adachi_00026.jpg,2 198 449 429 650 
test_Adachi_00027.jpg,1 332 342 516 420 7 244 267 334 424 
test_Adachi_00028.jpg,2 393 353 556 636 2 294 171 432 423 
test_Adachi_00029.jpg,2 -13 198 228 392 4 279 187 408 628 
test_Adachi_00030.jpg,8 63 164 632 418 
test_Adachi_00031.jpg,8 266 447 429 634 7 -5 417 638 533 5 144 254 457 489 
test_Adachi_00032.jpg,1 -3 335 628 525 
test_Adachi_00033.jpg,4 249 151 369 566 
test_Adachi_00034.jpg,1 270 278 377 372 7 3 392 642 640 
test_Adachi_00035.jpg,1 194 371 465 577 
test_Adachi_00036.jpg,1 421 224 639 454 
test_Adachi_00037.jpg,4 422 206 584 403 
test_Adachi_00038.jpg,7 337 360 612 580 
test_Adachi_00039.jpg,4 244 167 332 461 6 331 328 561 582 5 290 392 500 579 
test_Adachi_00040.jpg,8 -7 260 529 537 4 108 505 620 609 
test_Adachi_00041.jpg,5 95 479 577 566 2 372 266 571 570 8 63 223 262 596 
test_Adachi_00042.jpg,4 440 298 609 527 5 257 192 360 328 
test_Adachi_00043.jpg,1 423 251 633 554 
test_Adachi_00044.jpg,1 7 139 194 326 4 24 157 259 571 1 8 316 643 421 
test_Adachi_00045.jpg,3 343 236 542 631 5 217 282 401 595 
test_Adachi_00046.jpg,6 -11 192 278 485 1 365 162 513 618 
test_Adachi_00047.jpg,8 106 255 390 309 7 133 275 266 513 
test_Adachi_00048.jpg,2 130 152 613 316 
test_Adachi_00049.jpg,3 225 293 380 427 7 95 264 626 382 
test_Adachi_00050.jpg,7 312 294 403 389 7 488 447 631 519 2 357 337 633 650 
test_Adachi_00051.jpg,5 279 102 491 289 2 74 279 470 586 
test_Adachi_00052.jpg,7 410 261 530 378 2 123 335 627 435 
test_Adachi_00053.jpg,3 73 355 325 609 5 392 318 530 555 
test_Adachi_00054.jpg,6 131 323 291 454 3 218 294 421 372 7 112 393 197 604 
test_Adachi_00055.jpg,1 425 176 495 269 8 2 190 389 521 
test_Adachi_00056.jpg,7 363 250 564 622 7 211 188 529 278 
test_Adachi_00057.jpg,7 334 391 393 488 5 221 459 310 606 
test_Adachi_00058.jpg,3 292 98 642 489 
test_Adachi_00059.jpg,3 105 301 308 631 
test_Adachi_00060.jpg,3 375 233 563 278 3 417 288 591 343 5 397 292 495 455 
test_Adachi_00061.jpg,6 456 281 614 490 
test_Adachi_00062.jpg,5 13 342 646 534 
test_Adachi_00063.jpg,8 471 289 608 476 
test_Adachi_00064.jpg,7 100 328 299 609 
test_Adachi_00065.jpg,4 457 399 643 593 8 367 309 510 443 
test_Adachi_00066.jpg,4 1 380 611 613 
test_Adachi_00067.jpg,7 188 385 287 628 
test_Adachi_00068.jpg,8 96 308 612 603 
test_Adachi_00069.jpg,4 5 179 227 472 
test_Adachi_00070.jpg,7 320 351 525 603 
test_Adachi_00071.jpg,5 95 393 615 483 8 324 291 410 451 
test_Adachi_00072.jpg,3 63 413 193 598 8 -6 395 164 483 
test_Adachi_00073.jpg,3 417 464 539 625 6 380 422 609 514 
test_Adachi_00074.jpg,5 247 341 461 450 4 417 417 584 618 
test_Adachi_00075.jpg,6 107 401 227 632 
test_Adachi_00076.jpg,5 102 277 633 549 
test_Adachi_00077.jpg,6 -14 543 181 596 6 396 413 487 638 
test_Adachi_00078.jpg,8 355 240 638 458 4 350 279 566 479 
test_Adachi_00079.jpg,2 147 335 272 608 
test_Adachi_00080.jpg,6 346 295 643 585 7 320 306 551 606 7 178 281 273 409 
test_Adachi_00081.jpg,8 6 291 512 439 
test_Adachi_00082.jpg,5 480 218 616 363 1 80 249 310 471 
test_Adachi_00083.jpg,6 234 160 366 312 1 -4 276 200 490 1 310 187 450 575 
test_Adachi_00084.jpg,7 372 442 501 623 
test_Adachi_00085.jpg,6 142 287 280 616 
test_Adachi_00086.jpg,7 317 292 451 451 8 117 309 277 547 
test_Adachi_00087.jpg,8 347 411 604 471 4 339 435 427 629 
test_Adachi_00088.jpg,3 181 282 306 511 
test_Adachi_00089.jpg,7 453 429 562 622 2 282 370 466 563 
test_Adachi_00090.jpg,2 373 272 634 579 6 92 428 336 622 3 175 255 297 410 
test_Adachi_00091.jpg,8 111 376 348 599 
test_Adachi_00092.jpg,4 203 332 327 643 
test_Adachi_00093.jpg,1 142 323 622 563 2 218 302 326 638 
test_Adachi_00094.jpg,5 366 253 611 527 
test_Adachi_00095.jpg,1 371 309 546 439 3 198 355 321 637 
test_Adachi_00096.jpg,7 262 308 553 438 3 257 244 439 635 
test_Adachi_00097.jpg,6 1 329 374 531 
test_Adachi_00098.jpg,1 142 366 301 616 2 389 397 502 507 7 152 297 627 420 
test_Adachi_00099.jpg,3 394 259 642 419 4 14 281 256 637 
test_Adachi_00100.jpg,1 -7 401 615 642 
test_Adachi_00101.jpg,5 392 282 559 518 
test_Adachi_00102.jpg,1 43 186 226 555 
test_Adachi_00103.jpg,2 286 340 499 562 
test_Adachi_00104.jpg,4 -8 198 632 527 
test_Adachi_00105.jpg,5 313 325 630 409 8 94 85 283 608 
test_Adachi_00106.jpg,8 376 287 575 646 6 143 445 221 585 
test_Adachi_00107.jpg,6 318 149 613 585 4 398 192 618 366 5 271 156 393 237 5 20 144 310 584 
test_Adachi_00108.jpg,5 41 88 191 328 
test_Adachi_00109.jpg,1 477 420 645 585 
test_Adachi_00110.jpg,6 272 377 378 634 
test_Adachi_00111.jpg,8 107 170 640 291 3 315 229 518 499 7 -5 355 385 507 4 40 119 341 239 
test_Adachi_00112.jpg,4 309 222 408 623 
test_Adachi_00113.jpg,3 167 222 291 479 7 170 318 457 478 
test_Adachi_00114.jpg,4 272 328 563 461 2 248 425 446 543 5 298 294 409 386 
test_Adachi_00115.jpg,3 493 424 618 577 5 278 325 355 609 
test_Adachi_00116.jpg,4 194 234 309 596 
test_Adachi_00117.jpg,2 307 365 427 557 2 379 451 616 578 7 211 372 318 633 
test_Adachi_00118.jpg,1 248 283 386 423 1 30 446 498 560 8 37 371 404 435 
test_Adachi_00119.jpg,4 340 235 494 303 2 116 320 631 613 
test_Adachi_00120.jpg,7 386 245 595 552 4 187 430 605 561 
test_Adachi_00121.jpg,4 -12 430 631 526 
test_Adachi_00122.jpg,5 80 221 452 623 
test_Adachi_00123.jpg,2 340 278 415 646 
test_Adachi_00124.jpg,5 377 361 630 622 4 240 350 392 625 
test_Adachi_00125.jpg,4 383 392 579 628 4 110 321 627 477 
test_Adachi_00126.jpg,6 200 249 345 350 4 396 192 624 520 
test_Adachi_00127.jpg,3 132 437 277 609 3 362 302 634 577 
test_Adachi_00128.jpg,8 -6 308 287 610 
test_Adachi_00129.jpg,1 418 229 575 391 
test_Adachi_00130.jpg,2 416 335 615 618 3 378 200 626 464 6 54 272 292 634 
test_Adachi_00131.jpg,8 234 348 521 568 
test_Adachi_00132.jpg,7 160 309 324 465 3 310 343 415 612 
test_Adachi_00133.jpg,8 318 265 421 636 4 401 267 636 537 
test_Adachi_00134.jpg,2 323 329 621 593 5 -6 283 160 535 
test_Adachi_00135.jpg,1 336 350 551 547 3 24 413 245 586 
test_Adachi_00136.jpg,2 341 139 557 197 3 269 74 377 192 6 56 242 630 631 
test_Adachi_00137.jpg,1 419 267 632 491 
test_Adachi_00138.jpg,8 217 185 466 402 5 422 283 648 578 
test_Adachi_00139.jpg,3 451 399 639 618 
test_Adachi_00140.jpg,7 410 349 597 449 4 419 370 597 621 1 281 293 350 443 
test_Adachi_00141.jpg,3 255 277 442 636 
test_Adachi_00142.jpg,1 374 352 607 635 
test_Adachi_00143.jpg,3 280 251 505 600 
test_Adachi_00144.jpg,8 307 379 563 611 5 20 309 601 417 
test_Adachi_00145.jpg,4 240 292 530 424 3 7 452 640 609 3 70 360 631 449 
test_Adachi_00146.jpg,8 393 419 557 606 3 158 357 624 402 7 361 366 491 577 
test_Adachi_00147.jpg,7 311 318 414 623 
test_Adachi_00148.jpg,7 147 499 592 573 
test_Adachi_00149.jpg,5 258 419 540 480 7 235 424 314 627 6 224 281 316 406 
test_Adachi_00150.jpg,1 115 529 643 621 
test_Adachi_00151.jpg,3 217 331 583 557 5 321 253 410 386 
test_Adachi_00152.jpg,8 236 511 626 577 4 200 312 304 568 
test_Adachi_00153.jpg,8 348 298 542 433 3 332 406 614 498 3 266 427 378 619 
test_Adachi_00154.jpg,2 392 374 559 637 7 422 420 579 489 
test_Adachi_00155.jpg,8 377 299 505 404 5 488 392 603 508 6 349 263 635 526 
test_Adachi_00156.jpg,1 363 281 560 447 2 25 232 630 500 
test_Adachi_00157.jpg,5 376 334 510 644 
test_Adachi_00158.jpg,8 164 382 611 633 
test_Adachi_00159.jpg,6 215 231 299 611 2 216 300 314 622 
test_Adachi_00160.jpg,1 297 323 430 627 
test_Adachi_00161.jpg,2 129 343 476 627 
test_Adachi_00162.jpg,5 398 229 630 514 
test_Adachi_00163.jpg,4 365 291 589 602 
test_Adachi_00164.jpg,3 236 185 352 337 5 238 215 353 333 2 101 266 490 613 
test_Adachi_00165.jpg,8 -14 184 650 404 
test_Adachi_00166.jpg,6 98 202 249 636 
test_Adachi_00167.jpg,5 206 199 324 351 3 18 257 640 397 3 353 318 511 636 
test_Adachi_00168.jpg,5 342 455 449 640 
test_Adachi_00169.jpg,7 339 273 567 426 5 195 294 340 600 
test_Adachi_00170.jpg,6 88 399 598 624 
test_Adachi_00171.jpg,5 413 362 612 570 5 318 289 530 482 
test_Adachi_00172.jpg,6 134 198 325 422 
test_Adachi_00173.jpg,5 344 321 574 634 
test_Adachi_00174.jpg,3 165 107 262 190 
test_Adachi_00175.jpg,8 461 454 621 626 8 166 387 319 478 1 349 281 457 608 
test_Adachi_00176.jpg,4 386 296 513 489 
test_Adachi_00177.jpg,8 395 257 572 593 
test_Adachi_00178.jpg,8 3 269 407 463 1 49 259 315 604 
test_Adachi_00179.jpg,5 293 312 570 638 3 19 363 614 646 
test_Adachi_00180.jpg,6 328 199 446 629 5 3 191 272 342 
test_Adachi_00181.jpg,5 347 180 440 380 
test_Adachi_00182.jpg,6 338 165 568 585 
test_Adachi_00183.jpg,4 422 264 612 502 
test_Adachi_00184.jpg,6 159 206 276 466 
test_Adachi_00185.jpg,2 236 306 302 444 3 255 400 431 644 
test_Adachi_00186.jpg,7 166 207 532 375 7 138 234 245 533 8 36 225 202 465 
test_Adachi_00187.jpg,7 392 232 600 535 7 99 319 293 562 
test_Adachi_00188.jpg,6 333 265 410 592 
test_Adachi_00189.jpg,4 0 227 145 362 6 487 369 633 545 6 165 343 574 430 3 101 154 293 576 
test_Adachi_00190.jpg,6 255 416 397 639 
test_Adachi_00191.jpg,3 248 139 460 297 3 462 228 645 449 
test_Adachi_00192.jpg,6 454 343 645 559 8 214 130 370 518 
test_Adachi_00193.jpg,6 383 351 566 628 
test_Adachi_00194.jpg,6 419 375 647 585 
test_Adachi_00195.jpg,1 51 404 396 593 
test_Adachi_00196.jpg,5 344 318 564 590 
test_Adachi_00197.jpg,6 381 392 527 605 
test_Adachi_00198.jpg,3 378 326 616 568 
test_Adachi_00199.jpg,5 342 190 528 435 4 145 170 308 445 
test_Adachi_00200.jpg,1 205 321 452 387 6 402 321 637 528 
test_Adachi_00201.jpg,3 285 443 385 607 6 295 457 402 570 6 358 378 495 503 
test_Adachi_00202.jpg,7 238 320 451 424 3 86 378 336 618 
test_Adachi_00203.jpg,8 261 315 383 623 
test_Adachi_00204.jpg,5 264 334 428 622 
test_Adachi_00205.jpg,3 217 166 358 614 
test_Adachi_00206.jpg,5 470 332 638 523 5 242 240 323 369 
test_Adachi_00207.jpg,2 376 198 634 435 
test_Adachi_00208.jpg,6 294 392 584 612 5 381 295 490 444 7 113 383 232 563 
test_Adachi_00209.jpg,6 4 128 245 510 8 378 258 577 566 
test_Adachi_00210.jpg,4 61 341 451 629 
test_Adachi_00211.jpg,1 349 197 529 484 1 94 209 308 536 
test_Adachi_00212.jpg,2 45 385 216 550 
test_Adachi_00213.jpg,4 231 313 329 548 
test_Adachi_00214.jpg,6 355 306 609 628 5 347 315 613 624 1 26 408 165 613 
test_Adachi_00215.jpg,7 -17 299 149 477 5 332 177 575 620 
test_Adachi_00216.jpg,8 230 450 343 631 4 452 335 610 451 1 131 318 279 463 
test_Adachi_00217.jpg,4 2 318 624 541 
test_Adachi_00218.jpg,2 5 231 308 444 1 416 207 589 585 
test_Adachi_00219.jpg,8 401 344 585 410 1 172 399 304 558 1 342 418 458 519 1 354 417 619 540 
test_Adachi_00220.jpg,4 373 432 543 552 2 240 350 564 458 7 50 528 631 634 
test_Adachi_00221.jpg,8 391 374 585 567 2 382 399 510 578 
test_Adachi_00222.jpg,1 435 280 595 448 8 85 427 631 608 
test_Adachi_00223.jpg,5 230 389 649 446 2 210 422 620 499 2 392 363 558 461 8 271 418 434 472 
test_Adachi_00224.jpg,7 455 290 602 372 5 256 143 345 319 7 182 336 310 594 7 -13 330 559 406 
test_Adachi_00225.jpg,3 156 219 572 555 8 5 258 248 591 
test_Adachi_00226.jpg,7 267 299 624 570 
test_Adachi_00227.jpg,6 102 208 234 351 
test_Adachi_00228.jpg,2 26 324 619 625 
test_Adachi_00229.jpg,4 374 384 635 471 
test_Adachi_00230.jpg,4 -7 270 620 636 
test_Adachi_00231.jpg,5 327 136 638 514 8 137 143 319 570 
test_Adachi_00232.jpg,3 387 429 545 648 
test_Adachi_00233.jpg,2 60 97 265 496 2 2 83 238 423 1 319 161 456 438 
test_Adachi_00234.jpg,7 337 406 500 608 
test_Adachi_00235.jpg,1 135 135 634 319 
test_Adachi_00236.jpg,1 392 254 633 516 2 74 253 255 439 
test_Adachi_00237.jpg,1 315 328 609 535 7 58 386 361 506 
test_Adachi_00238.jpg,1 215 187 309 539 
test_Adachi_00239.jpg,8 480 370 636 581 
test_Adachi_00240.jpg,2 165 299 251 621 
test_Adachi_00241.jpg,4 185 411 606 486 1 117 444 228 617 
test_Adachi_00242.jpg,7 405 304 613 540 4 -3 303 287 575 
test_Adachi_00243.jpg,4 201 473 557 622 
test_Adachi_00244.jpg,8 360 476 465 630 
test_Adachi_00245.jpg,7 419 306 597 573 
test_Adachi_00246.jpg,4 1 198 604 334 7 -5 141 620 296 
test_Adachi_00247.jpg,5 250 312 606 419 8 420 368 607 578 
test_Adachi_00248.jpg,4 206 271 601 587 
test_Adachi_00249.jpg,7 292 436 574 505 7 139 348 488 642 
test_Adachi_00250.jpg,2 114 301 271 437 2 287 296 485 613 
test_Adachi_00251.jpg,4 325 375 491 562 
test_Adachi_00252.jpg,3 360 448 515 603 4 284 282 616 490 8 283 304 453 499 
test_Adachi_00253.jpg,3 7 156 475 524 
test_Adachi_00254.jpg,4 -2 183 164 427 2 314 181 487 512 
test_Adachi_00255.jpg,2 327 316 443 641 
test_Adachi_00256.jpg,1 483 349 640 495 2 180 421 341 631 
test_Adachi_00257.jpg,5 8 148 648 355 
test_Adachi_00258.jpg,2 383 369 593 632 
test_Adachi_00259.jpg,6 2 261 625 536 
test_Adachi_00260.jpg,8 -2 461 379 528 2 97 382 362 492 3 386 318 483 384 1 348 271 648 492 
test_Adachi_00261.jpg,2 -13 42 216 366 3 -3 104 199 533 
test_Adachi_00262.jpg,4 53 381 624 587 
test_Adachi_00263.jpg,2 390 361 560 586 
test_Adachi_00264.jpg,8 352 257 641 425 3 266 362 530 556 
test_Adachi_00265.jpg,1 109 176 615 422 
test_Adachi_00266.jpg,1 272 235 627 303 8 -4 261 104 428 1 41 281 258 518 
test_Adachi_00267.jpg,3 378 253 531 609 
test_Adachi_00268.jpg,3 244 317 367 450 
test_Adachi_00269.jpg,8 368 303 505 419 5 -2 371 635 637 
test_Adachi_00270.jpg,2 166 345 284 608 
test_Adachi_00271.jpg,4 -10 330 639 622 
test_Adachi_00272.jpg,1 250 150 393 266 5 -19 155 296 611 3 364 213 588 597 
test_Adachi_00273.jpg,6 146 233 305 601 7 231 284 406 459 
test_Adachi_00274.jpg,2 170 277 448 598 
test_Adachi_00275.jpg,8 368 195 550 515 
test_Adachi_00276.jpg,6 405 264 607 529 
test_Adachi_00277.jpg,7 15 342 147 529 
test_Adachi_00278.jpg,4 411 395 544 523 2 377 312 624 548 
test_Adachi_00279.jpg,6 305 292 535 613 5 -7 338 192 514 
test_Adachi_00280.jpg,5 149 473 562 530 
test_Adachi_00281.jpg,6 129 397 354 585 2 -11 295 251 602 
test_Adachi_00282.jpg,4 328 204 498 455 2 49 207 303 536 
test_Adachi_00283.jpg,5 116 304 564 385 7 69 371 596 466 2 385 308 613 474 
test_Adachi_00284.jpg,2 242 375 410 634 
test_Adachi_00285.jpg,4 360 199 496 376 6 157 295 628 508 
test_Adachi_00286.jpg,3 -2 293 596 581 
test_Adachi_00287.jpg,3 133 274 621 331 8 98 317 640 403 2 426 326 582 563 2 332 192 431 331 
test_Adachi_00288.jpg,4 285 165 491 248 7 342 204 601 615 
test_Adachi_00289.jpg,4 304 352 355 625 2 -18 294 278 575 
test_Adachi_00290.jpg,3 370 341 508 497 5 320 315 512 605 
test_Adachi_00291.jpg,6 421 369 585 447 8 282 281 363 537 7 383 348 607 626 
test_Adachi_00292.jpg,1 120 256 326 340 6 245 182 366 628 
test_Adachi_00293.jpg,7 284 179 376 392 3 -6 309 510 409 
test_Adachi_00294.jpg,6 213 181 506 263 4 362 245 532 604 
test_Adachi_00295.jpg,1 336 285 578 604 
test_Adachi_00296.jpg,6 357 304 599 566 
test_Adachi_00297.jpg,2 -12 133 186 461 
test_Adachi_00298.jpg,3 224 112 302 255 4 339 327 526 602 
test_Adachi_00299.jpg,1 174 346 622 429 6 151 405 624 481 6 0 367 234 601 
test_Adachi_00300.jpg,7 -7 419 292 477 6 84 375 605 452 4 231 493 356 628 
test_Adachi_00301.jpg,7 360 227 559 636 
test_Adachi_00302.jpg,1 308 239 400 630 
test_Adachi_00303.jpg,7 288 281 590 415 1 408 334 630 535 5 1 258 232 606 
test_Adachi_00304.jpg,7 290 299 346 405 
test_Adachi_00305.jpg,5 28 157 177 587 
test_Adachi_00306.jpg,1 245 274 450 622 
test_Adachi_00307.jpg,4 413 351 618 546 7 382 361 600 628 4 76 391 300 569 
test_Adachi_00308.jpg,2 438 397 540 637 
test_Adachi_00309.jpg,5 6 293 626 420 
test_Adachi_00310.jpg,3 316 114 458 643 
test_Adachi_00311.jpg,8 428 502 624 576 6 374 339 614 399 7 389 319 474 547 
test_Adachi_00312.jpg,5 275 103 383 200 8 -4 147 214 397 
test_Adachi_00313.jpg,5 310 301 362 608 
test_Adachi_00314.jpg,5 210 335 406 401 6 376 356 601 614 3 174 413 474 635 
test_Adachi_00315.jpg,4 28 374 619 464 6 149 159 626 311 
test_Adachi_00316.jpg,7 167 362 287 622 
test_Adachi_00317.jpg,7 -13 339 194 546 7 419 351 629 515 
test_Adachi_00318.jpg,5 -14 506 634 619 3 108 131 646 279 
test_Adachi_00319.jpg,8 474 321 615 487 8 434 274 525 383 5 182 323 629 401 5 201 278 613 343 1 364 171 475 320 
test_Adachi_00320.jpg,2 309 114 490 536 8 105 240 262 519 
test_Adachi_00321.jpg,1 290 347 492 629 
test_Adachi_00322.jpg,5 454 371 626 619 1 382 211 480 383 2 253 301 580 470 
test_Adachi_00323.jpg,7 335 379 439 528 
test_Adachi_00324.jpg,1 395 375 601 555 5 159 373 299 619 
test_Adachi_00325.jpg,7 -10 293 262 521 
test_Adachi_00326.jpg,8 328 123 605 475 3 -7 246 220 528 
test_Adachi_00327.jpg,8 257 338 487 417 4 431 354 606 538 6 20 377 307 589 
test_Adachi_00328.jpg,2 191 238 421 301 1 376 230 574 552 
test_Adachi_00329.jpg,8 378 369 613 614 
test_Adachi_00330.jpg,4 94 338 612 608 2 400 212 642 359 6 192 208 383 361 
test_Chiba_00001.jpg,7 235 470 608 568 
test_Chiba_00002.jpg,8 1 507 577 644 
test_Chiba_00003.jpg,3 119 454 356 630 1 376 430 572 581 
test_Chiba_00004.jpg,3 42 494 605 644 
test_Chiba_00005.jpg,1 415 443 637 596 6 363 528 451 591 4 290 473 368 572 
test_Chiba_00006.jpg,5 295 418 392 535 5 419 453 624 607 6 110 467 305 636 
test_Chiba_00007.jpg,7 358 411 548 614 8 138 427 304 572 
test_Chiba_00008.jpg,8 437 423 582 598 8 259 477 382 581 
test_Chiba_00009.jpg,5 130 469 427 645 5 26 508 87 586 4 4 442 131 622 
test_Chiba_00010.jpg,7 277 413 507 632 2 -7 453 242 617 2 117 465 260 616 
test_Chiba_00011.jpg,4 369 442 615 626 
test_Chiba_00012.jpg,5 178 491 401 548 4 100 494 220 646 
test_Chiba_00013.jpg,3 436 451 598 570 3 386 463 569 616 
test_Chiba_00014.jpg,6 23 514 607 620 
test_Chiba_00015.jpg,1 14 504 619 612 
test_Chiba_00016.jpg,4 473 488 619 592 4 318 465 420 604 
test_Chiba_00017.jpg,2 97 489 311 614 1 287 458 375 616 
test_Chiba_00018.jpg,4 130 455 378 633 
test_Chiba_00019.jpg,2 -12 448 621 638 
test_Chiba_00020.jpg,5 253 513 633 624 
test_Chiba_00021.jpg,7 278 456 435 627 
test_Chiba_00022.jpg,6 359 538 406 589 2 187 532 412 568 8 441 470 614 586 
test_Chiba_00023.jpg,7 242 497 303 628 
test_Chiba_00024.jpg,5 89 458 614 563 
test_Chiba_00025.jpg,4 263 457 396 611 
test_Chiba_00026.jpg,8 179 494 344 632 5 442 465 611 583 5 269 489 358 632 
test_Chiba_00027.jpg,3 506 533 628 639 5 75 477 166 582 6 290 513 387 605 
test_Chiba_00028.jpg,8 389 481 466 598 
test_Chiba_00029.jpg,5 27 470 191 613 1 98 511 211 616 
test_Chiba_00030.jpg,8 231 461 377 629 8 446 474 645 593 1 426 466 637 602 2 325 475 398 631 
test_Chiba_00031.jpg,3 65 457 220 630 
test_Chiba_00032.jpg,5 161 460 335 627 2 390 437 639 588 
test_Chiba_00033.jpg,2 313 398 530 593 8 238 410 294 572 5 -12 431 214 615 
test_Chiba_00034.jpg,7 263 377 450 548 1 4 454 147 602 
test_Chiba_00035.jpg,8 376 432 605 625 5 232 513 330 628 
test_Chiba_00036.jpg,2 6 421 213 627 6 313 397 526 589 
test_Chiba_00037.jpg,5 201 485 641 618 
test_Chiba_00038.jpg,8 280 423 496 630 
test_Chiba_00039.jpg,7 20 483 649 609 
test_Chiba_00040.jpg,5 317 512 562 581 
test_Chiba_00041.jpg,2 166 539 277 642 
test_Chiba_00042.jpg,5 404 421 622 614 8 304 433 395 581 2 216 403 292 478 
test_Chiba_00043.jpg,8 434 466 623 623 
test_Chiba_00044.jpg,3 325 465 478 641 
test_Chiba_00045.jpg,3 432 455 630 598 7 283 462 379 612 
test_Chiba_00046.jpg,5 295 399 487 570 5 -10 412 210 599 
test_Chiba_00047.jpg,7 113 486 238 563 1 468 459 616 581 
test_Chiba_00048.jpg,3 212 494 329 625 
test_Chiba_00049.jpg,4 326 389 558 585 
test_Chiba_00050.jpg,1 383 445 613 603 
test_Chiba_00051.jpg,4 414 496 515 604 7 276 486 458 565 4 78 465 294 594 
test_Chiba_00052.jpg,2 -9 502 620 607 
test_Chiba_00053.jpg,2 534 468 610 576 2 231 472 437 636 
test_Chiba_00054.jpg,1 270 428 532 635 7 63 426 222 629 
test_Chiba_00055.jpg,5 383 447 614 605 
test_Chiba_00056.jpg,3 318 444 643 535 2 428 498 626 597 
test_Chiba_00057.jpg,6 418 449 630 589 1 183 486 304 600 
test_Chiba_00058.jpg,2 308 449 433 555 
test_Chiba_00059.jpg,4 478 489 622 596 1 381 470 483 635 
test_Chiba_00060.jpg,3 300 459 397 615 2 188 444 363 627 7 420 454 646 599 
test_Chiba_00061.jpg,7 109 543 186 612 
test_Chiba_00062.jpg,6 290 442 466 616 
test_Chiba_00063.jpg,3 188 489 291 610 7 424 456 645 596 1 376 490 488 632 
test_Chiba_00064.jpg,8 340 392 594 601 
test_Chiba_00065.jpg,1 197 467 340 626 
test_Chiba_00066.jpg,1 -12 530 619 620 
test_Chiba_00067.jpg,2 -4 387 636 558 8 25 444 144 546 
test_Chiba_00068.jpg,8 249 510 459 585 
test_Chiba_00069.jpg,8 -17 513 619 623 
test_Chiba_00070.jpg,7 463 495 544 612 8 328 471 398 573 
test_Chiba_00071.jpg,1 298 423 473 621 
test_Chiba_00072.jpg,6 178 492 346 623 
test_Chiba_00073.jpg,2 429 475 611 600 4 310 480 419 634 
test_Chiba_00074.jpg,5 -8 502 643 608 3 254 429 385 540 
test_Chiba_00075.jpg,1 193 484 480 611 3 172 503 297 631 
test_Chiba_00076.jpg,7 90 507 249 635 8 -2 470 273 549 
test_Chiba_00077.jpg,7 108 454 604 544 3 65 506 492 589 5 378 473 569 625 
test_Chiba_00078.jpg,5 440 483 536 592 
test_Chiba_00079.jpg,8 207 469 298 563 
test_Chiba_00080.jpg,5 411 456 513 556 
test_Chiba_00081.jpg,5 310 500 421 619 4 13 462 616 640 
test_Chiba_00082.jpg,8 238 461 333 611 
test_Chiba_00083.jpg,3 474 495 634 609 8 213 456 366 624 
test_Chiba_00084.jpg,7 394 468 618 630 
test_Chiba_00085.jpg,3 421 500 562 589 1 408 494 639 530 
test_Chiba_00086.jpg,7 230 486 650 613 
test_Chiba_00087.jpg,5 346 502 488 597 4 483 464 632 572 4 200 454 402 583 
test_Chiba_00088.jpg,6 431 460 621 596 2 290 471 395 603 
test_Chiba_00089.jpg,4 345 504 499 646 
test_Chiba_00090.jpg,4 47 497 616 610 
test_Chiba_00091.jpg,4 117 523 242 634 
test_Chiba_00092.jpg,1 254 466 337 549 7 389 448 632 590 
test_Chiba_00093.jpg,3 429 460 627 583 8 290 456 389 627 
test_Chiba_00094.jpg,4 -9 407 179 605 1 340 420 626 500 5 97 448 353 502 2 287 401 508 599 
test_Muroran_00001.jpg,6 47 404 234 644 
test_Muroran_00002.jpg,3 2 399 364 610 3 287 442 616 602 
test_Muroran_00003.jpg,1 140 352 504 626 
test_Muroran_00004.jpg,5 260 347 364 650 5 13 378 272 649 
test_Muroran_00005.jpg,5 226 415 620 622 3 85 350 243 607 7 328 375 410 468 
test_Muroran_00006.jpg,1 33 313 324 612 8 367 329 608 555 
test_Muroran_00007.jpg,6 16 354 571 633 
test_Muroran_00008.jpg,4 -5 299 563 615 
test_Muroran_00009.jpg,4 389 450 448 520 2 81 364 635 618 
test_Muroran_00010.jpg,1 305 355 372 645 6 145 373 289 639 
test_Muroran_00011.jpg,1 348 361 464 473 
test_Muroran_00012.jpg,6 370 394 649 634 
test_Muroran_00013.jpg,5 69 421 490 507 
test_Muroran_00014.jpg,7 271 310 476 628 7 287 359 408 471 1 367 369 633 581 
test_Muroran_00015.jpg,2 172 409 530 639 
test_Muroran_00016.jpg,3 479 395 583 611 
test_Muroran_00017.jpg,8 97 333 614 630 
test_Muroran_00018.jpg,6 277 476 390 571 1 298 420 387 479 4 228 391 393 637 
test_Muroran_00019.jpg,8 -9 320 638 610 
test_Muroran_00020.jpg,6 248 339 369 638 2 118 447 629 583 4 364 394 485 510 
test_Muroran_00021.jpg,7 257 475 522 634 
test_Muroran_00022.jpg,6 115 396 595 507 3 57 432 351 606 7 334 370 403 574 
test_Muroran_00023.jpg,6 43 322 634 642 
test_Muroran_00024.jpg,8 469 499 646 612 
test_Muroran_00025.jpg,7 -12 334 234 623 7 308 449 400 614 8 263 374 405 643 
test_Muroran_00026.jpg,3 138 289 296 617 
test_Muroran_00027.jpg,1 388 503 484 601 1 189 463 363 640 
test_Muroran_00028.jpg,5 26 310 624 595 
test_Muroran_00029.jpg,2 324 367 467 584 
test_Muroran_00030.jpg,8 64 323 350 621 
test_Muroran_00031.jpg,1 87 335 649 628 
test_Muroran_00032.jpg,3 122 312 632 631 
test_Muroran_00033.jpg,3 358 316 442 622 2 405 437 510 647 
test_Muroran_00034.jpg,5 408 349 617 589 8 9 359 420 631 
test_Muroran_00035.jpg,6 430 383 615 532 4 371 420 542 643 6 80 393 253 621 
test_Muroran_00036.jpg,8 189 340 278 441 7 20 398 236 648 
test_Muroran_00037.jpg,3 213 326 622 612 
test_Muroran_00038.jpg,8 368 457 544 634 3 -9 336 546 638 
test_Muroran_00039.jpg,7 307 377 640 643 
test_Muroran_00040.jpg,1 -2 362 289 617 
test_Muroran_00041.jpg,2 213 367 640 650 
test_Muroran_00042.jpg,1 356 327 631 639 
test_Muroran_00043.jpg,3 3 345 546 625 
test_Muroran_00044.jpg,4 16 360 604 624 
test_Muroran_00045.jpg,7 0 376 599 621 
test_Muroran_00046.jpg,5 149 348 526 646 
test_Muroran_00047.jpg,3 -11 367 212 583 6 167 399 321 641 2 320 393 616 455 
test_Muroran_00048.jpg,3 150 382 265 446 2 4 417 635 627 
test_Muroran_00049.jpg,2 36 341 207 618 8 30 357 231 612 
test_Muroran_00050.jpg,4 460 425 592 517 1 207 373 635 645 
test_Muroran_00051.jpg,6 2 433 182 609 3 -5 342 167 492 
test_Muroran_00052.jpg,7 373 395 631 473 4 428 464 517 551 8 22 375 402 645 
test_Muroran_00053.jpg,3 139 418 542 633 
test_Muroran_00054.jpg,5 231 475 483 620 3 257 280 480 455 
test_Muroran_00055.jpg,8 459 396 642 513 
test_Muroran_00056.jpg,1 72 347 477 625 
test_Muroran_00057.jpg,6 218 355 622 618 
test_Muroran_00058.jpg,5 -4 494 110 614 6 257 495 500 626 1 139 499 261 584 8 68 535 182 647 
test_Muroran_00059.jpg,8 11 359 619 440 5 7 472 625 639 5 291 378 413 520 
test_Muroran_00060.jpg,7 346 327 551 550 
test_Muroran_00061.jpg,8 405 337 612 555 4 289 334 373 618 
test_Muroran_00062.jpg,7 347 281 610 631 
test_Muroran_00063.jpg,2 386 383 611 540 4 293 377 418 537 
test_Muroran_00064.jpg,2 3 365 640 618 
test_Muroran_00065.jpg,2 277 306 626 633 
test_Muroran_00066.jpg,6 314 426 483 549 3 -12 356 526 625 
test_Muroran_00067.jpg,2 410 454 543 632 2 122 314 337 642 
test_Muroran_00068.jpg,7 299 298 638 628 2 392 372 561 517 1 45 304 307 610 
test_Muroran_00069.jpg,5 123 402 224 638 8 226 420 375 555 4 369 496 551 640 
test_Muroran_00070.jpg,2 391 507 452 611 2 299 351 413 499 2 127 314 293 637 
test_Muroran_00071.jpg,8 348 389 480 581 
test_Muroran_00072.jpg,8 19 302 540 603 6 258 329 484 637 
test_Muroran_00073.jpg,3 171 379 238 446 2 421 479 543 610 
test_Muroran_00074.jpg,5 404 425 477 531 2 291 372 490 562 
test_Muroran_00075.jpg,3 84 365 243 643 
test_Muroran_00076.jpg,7 260 418 418 624 2 313 504 365 608 
test_Muroran_00077.jpg,7 205 349 402 474 2 178 377 284 629 
test_Muroran_00078.jpg,2 451 423 537 522 
test_Muroran_00079.jpg,7 340 339 552 615 
test_Muroran_00080.jpg,2 281 445 484 520 5 370 359 499 639 2 200 356 358 609 
test_Muroran_00081.jpg,5 372 388 601 606 
test_Muroran_00082.jpg,3 -9 318 640 640 
test_Muroran_00083.jpg,4 249 330 607 585 
test_Muroran_00084.jpg,7 209 360 383 647 
test_Muroran_00085.jpg,1 -2 367 596 621 
test_Muroran_00086.jpg,4 376 344 471 434 
test_Muroran_00087.jpg,8 212 371 628 612 
test_Muroran_00088.jpg,8 319 314 471 629 
test_Muroran_00089.jpg,1 274 447 487 641 1 -10 397 127 534 
test_Muroran_00090.jpg,1 134 397 609 622 
test_Muroran_00091.jpg,4 295 340 424 494 6 14 403 173 644 
test_Muroran_00092.jpg,1 115 373 324 629 3 91 324 269 414 
test_Muroran_00093.jpg,2 172 308 277 618 2 188 398 588 619 
test_Muroran_00094.jpg,2 334 475 529 622 3 307 493 392 602 
test_Muroran_00095.jpg,5 189 365 640 623 
test_Muroran_00096.jpg,8 259 445 415 605 2 401 302 626 479 
test_Muroran_00097.jpg,8 108 451 573 556 2 352 364 561 639 
test_Muroran_00098.jpg,5 -6 357 251 610 7 399 404 643 626 
test_Muroran_00099.jpg,3 1 376 431 638 
test_Muroran_00100.jpg,4 260 480 538 616 
test_Muroran_00101.jpg,3 0 341 462 622 
test_Muroran_00102.jpg,3 -4 335 255 635 2 417 461 559 612 5 397 392 570 616 2 440 413 626 578 
test_Muroran_00103.jpg,4 181 394 453 503 3 425 439 557 607 
test_Muroran_00104.jpg,6 201 323 350 623 1 -5 334 273 641 3 306 378 395 520 2 452 442 617 645 
test_Muroran_00105.jpg,2 342 479 501 643 1 217 502 303 639 
test_Muroran_00106.jpg,5 261 382 482 518 
test_Muroran_00107.jpg,2 66 354 621 632 
test_Muroran_00108.jpg,5 432 395 615 605 8 162 372 420 615 
test_Muroran_00109.jpg,5 -3 364 616 627 
test_Muroran_00110.jpg,3 280 397 568 639 
test_Muroran_00111.jpg,7 248 392 517 608 2 324 440 479 605 
test_Muroran_00112.jpg,6 3 353 610 635 
test_Muroran_00113.jpg,1 120 337 638 646 
test_Muroran_00114.jpg,1 367 457 556 631 8 -9 297 220 513 3 127 360 374 530 
test_Muroran_00115.jpg,7 297 320 384 618 
test_Muroran_00116.jpg,8 109 402 604 647 
test_Muroran_00117.jpg,6 340 493 532 572 8 4 386 236 559 3 213 418 306 619 
test_Muroran_00118.jpg,3 395 429 612 623 
test_Muroran_00119.jpg,5 42 380 486 608 
test_Muroran_00120.jpg,4 14 450 616 620 
test_Muroran_00121.jpg,2 76 385 531 612 
test_Muroran_00122.jpg,5 341 386 421 515 
test_Muroran_00123.jpg,6 -13 369 256 621 
test_Muroran_00124.jpg,5 217 389 312 553 6 37 471 298 549 2 363 432 468 637 
test_Muroran_00125.jpg,1 69 344 543 617 
test_Muroran_00126.jpg,8 341 387 454 612 3 10 464 206 635 
test_Muroran_00127.jpg,3 284 456 378 639 1 386 312 649 482 
test_Muroran_00128.jpg,5 412 376 628 557 
test_Muroran_00129.jpg,3 115 318 341 627 5 325 328 623 640 
test_Muroran_00130.jpg,4 21 349 466 637 
test_Muroran_00131.jpg,4 356 360 539 594 5 51 354 300 615 
test_Muroran_00132.jpg,4 195 404 316 508 4 6 362 603 606 
test_Muroran_00133.jpg,2 241 339 433 621 
test_Muroran_00134.jpg,3 166 410 285 644 
test_Muroran_00135.jpg,6 156 361 643 630 
test_Muroran_00136.jpg,6 272 494 630 580 2 278 414 619 502 8 147 353 422 609 
test_Muroran_00137.jpg,7 357 400 506 596 4 281 408 422 626 
test_Muroran_00138.jpg,8 100 337 624 636 
test_Muroran_00139.jpg,6 -3 413 519 523 
test_Muroran_00140.jpg,4 164 341 624 639 
test_Muroran_00141.jpg,4 133 442 540 636 
test_Muroran_00142.jpg,5 13 471 503 640 2 3 398 642 599 
test_Muroran_00143.jpg,7 22 436 236 580 4 145 396 272 643 1 369 401 487 618 
test_Muroran_00144.jpg,2 125 444 428 638 
test_Muroran_00145.jpg,4 356 349 454 435 3 281 399 359 461 8 -14 377 176 617 
test_Muroran_00146.jpg,8 232 445 585 636 
test_Muroran_00147.jpg,4 119 380 226 578 5 272 391 510 611 
test_Muroran_00148.jpg,1 105 447 247 625 4 484 459 641 623 8 305 386 370 528 
test_Muroran_00149.jpg,6 49 371 583 649 
test_Muroran_00150.jpg,4 177 455 645 639 
test_Muroran_00151.jpg,8 186 437 265 629 5 316 433 449 614 1 433 450 623 645 
test_Muroran_00152.jpg,3 11 345 643 612 
test_Muroran_00153.jpg,1 369 333 430 417 6 516 349 631 444 7 -9 343 254 604 2 443 448 534 627 6 100 358 385 650 
test_Muroran_00154.jpg,4 150 380 472 619 
test_Muroran_00155.jpg,4 45 371 612 623 
test_Muroran_00156.jpg,7 521 505 628 624 2 354 375 582 563 8 344 461 524 621 6 279 356 397 493 7 244 389 327 501 5 21 372 204 623 
test_Muroran_00157.jpg,3 195 302 305 633 
test_Muroran_00158.jpg,8 141 362 607 641 
test_Muroran_00159.jpg,2 80 356 252 609 5 358 385 498 531 
test_Muroran_00160.jpg,5 346 281 461 632 2 -1 365 259 621 
test_Muroran_00161.jpg,6 332 357 644 593 
test_Muroran_00162.jpg,6 46 359 627 639 
test_Muroran_00163.jpg,5 96 341 624 612 
test_Muroran_00164.jpg,4 238 453 395 625 1 -1 323 285 613 
test_Muroran_00165.jpg,7 401 383 571 596 1 334 310 650 632 
test_Muroran_00166.jpg,2 109 392 446 636 
test_Muroran_00167.jpg,5 8 328 412 612 
test_Muroran_00168.jpg,1 268 332 637 641 
test_Muroran_00169.jpg,4 434 484 575 646 2 -18 379 268 630 
test_Muroran_00170.jpg,6 364 338 447 480 4 -2 348 255 620 
test_Muroran_00171.jpg,1 57 349 622 595 
test_Muroran_00172.jpg,4 -4 402 488 611 
test_Muroran_00173.jpg,5 225 439 298 634 8 191 405 276 502 8 220 354 365 468 
test_Muroran_00174.jpg,7 165 333 344 626 5 187 385 300 515 
test_Muroran_00175.jpg,6 118 350 423 631 
test_Muroran_00176.jpg,8 335 406 547 616 3 239 446 554 636 
test_Muroran_00177.jpg,5 106 348 583 616 
test_Muroran_00178.jpg,7 77 414 286 630 
test_Muroran_00179.jpg,8 364 430 498 640 
test_Muroran_00180.jpg,4 160 346 290 601 
test_Muroran_00181.jpg,5 350 391 490 565 5 434 465 538 565 
test_Muroran_00182.jpg,6 134 363 285 600 
test_Muroran_00183.jpg,4 37 321 604 609 
test_Muroran_00184.jpg,2 236 345 568 440 
test_Muroran_00185.jpg,7 95 317 631 638 
test_Muroran_00186.jpg,4 -5 322 239 595 2 347 370 507 519 8 57 306 338 618 
test_Muroran_00187.jpg,8 32 340 383 649 
test_Muroran_00188.jpg,4 107 306 649 631 
test_Muroran_00189.jpg,6 435 518 548 640 4 1 406 259 629 1 161 356 252 441 
test_Muroran_00190.jpg,1 316 344 600 610 6 -7 340 259 623 1 84 330 259 619 
test_Muroran_00191.jpg,1 -3 429 554 615 
test_Muroran_00192.jpg,2 150 365 347 529 8 373 375 605 588 8 -17 375 174 569 
test_Muroran_00193.jpg,5 165 415 566 540 
test_Muroran_00194.jpg,8 168 440 317 630 
test_Muroran_00195.jpg,2 195 409 294 607 6 220 367 300 606 8 279 378 458 644 5 3 383 205 614 
test_Muroran_00196.jpg,6 119 312 523 626 
test_Muroran_00197.jpg,2 25 393 260 610 6 405 335 640 564 
test_Muroran_00198.jpg,7 75 389 373 538 
test_Muroran_00199.jpg,1 331 291 418 355 6 383 389 588 606 
test_Muroran_00200.jpg,3 279 337 429 413 1 214 391 319 631 6 225 360 627 616 
test_Muroran_00201.jpg,5 465 504 608 643 6 349 351 538 526 5 295 326 489 603 2 51 289 274 626 
test_Muroran_00202.jpg,4 -4 514 633 581 1 232 380 523 524 
test_Muroran_00203.jpg,2 417 386 513 473 8 207 341 443 500 
test_Muroran_00204.jpg,6 63 330 410 631 
test_Muroran_00205.jpg,7 209 390 615 642 
test_Muroran_00206.jpg,8 76 505 219 627 7 336 463 619 646 2 45 366 408 625 
test_Muroran_00207.jpg,6 -7 329 389 641 
test_Muroran_00208.jpg,2 121 369 310 482 
test_Muroran_00209.jpg,8 112 374 621 624 
test_Muroran_00210.jpg,6 129 371 471 626 
test_Muroran_00211.jpg,6 458 449 631 641 
test_Muroran_00212.jpg,3 98 319 437 618 
test_Muroran_00213.jpg,1 1 351 601 625 
test_Muroran_00214.jpg,8 11 336 354 638 5 256 350 441 647 
test_Muroran_00215.jpg,5 221 356 606 629 
test_Muroran_00216.jpg,7 6 369 548 615 
test_Muroran_00217.jpg,2 183 468 253 530 2 116 373 301 608 
test_Muroran_00218.jpg,7 184 255 284 630 
test_Muroran_00219.jpg,4 354 347 610 570 6 276 362 398 612 
test_Muroran_00220.jpg,2 354 442 533 600 7 197 330 623 646 
test_Muroran_00221.jpg,1 405 456 509 571 4 94 320 634 642 
test_Muroran_00222.jpg,7 130 473 615 567 3 162 337 631 461 
test_Muroran_00223.jpg,2 399 278 618 503 1 269 371 543 567 
test_Muroran_00224.jpg,6 374 410 621 611 5 -2 342 284 650 7 313 398 422 625 
test_Muroran_00225.jpg,4 500 405 586 475 8 438 436 494 493 5 -14 407 214 608 6 491 370 606 468 1 296 432 582 535 5 212 400 345 581 
test_Muroran_00226.jpg,1 91 569 543 610 5 172 488 475 592 8 306 476 412 609 
test_Muroran_00227.jpg,2 344 283 616 627 
test_Muroran_00228.jpg,7 234 426 521 633 
test_Muroran_00229.jpg,4 268 368 555 645 
test_Muroran_00230.jpg,4 331 459 418 581 
test_Muroran_00231.jpg,3 66 306 597 611 
test_Muroran_00232.jpg,8 118 334 609 614 
test_Muroran_00233.jpg,1 167 330 242 621 
test_Muroran_00234.jpg,1 167 352 524 612 
test_Muroran_00235.jpg,8 135 355 226 434 1 332 370 487 573 5 303 389 421 624 
test_Muroran_00236.jpg,1 41 356 403 635 
test_Muroran_00237.jpg,4 449 367 618 498 3 352 469 575 586 2 180 370 301 618 
test_Muroran_00238.jpg,4 -6 397 292 529 7 72 301 366 641 
test_Muroran_00239.jpg,4 25 403 614 639 
test_Muroran_00240.jpg,5 63 360 294 611 5 409 359 640 599 
test_Muroran_00241.jpg,4 -5 413 384 616 1 110 262 287 626 
test_Muroran_00242.jpg,8 160 386 629 610 
test_Muroran_00243.jpg,6 94 329 441 592 6 419 396 565 577 5 0 280 240 641 
test_Muroran_00244.jpg,1 286 517 383 609 6 236 454 380 532 1 259 355 395 467 4 57 376 263 612 4 482 453 611 591 
test_Muroran_00245.jpg,7 81 514 328 570 1 242 353 342 609 
test_Muroran_00246.jpg,3 282 373 458 640 
test_Muroran_00247.jpg,6 299 341 429 448 8 85 373 213 621 
test_Muroran_00248.jpg,8 254 339 646 618 
test_Muroran_00249.jpg,1 -8 343 252 554 
test_Muroran_00250.jpg,1 381 372 540 580 5 275 458 374 626 4 142 418 317 629 
test_Muroran_00251.jpg,8 -18 307 256 613 8 353 341 466 453 
test_Muroran_00252.jpg,3 290 296 419 629 
test_Muroran_00253.jpg,1 119 367 621 638 
test_Muroran_00254.jpg,7 324 389 476 573 7 362 363 571 563 7 -16 493 83 601 8 109 372 206 477 
test_Muroran_00255.jpg,8 -1 324 650 639 
test_Muroran_00256.jpg,3 3 335 453 638 
test_Muroran_00257.jpg,7 99 341 597 583 
test_Muroran_00258.jpg,8 340 410 534 607 7 244 350 404 617 8 10 319 212 624 
test_Muroran_00259.jpg,5 236 405 624 530 
test_Muroran_00260.jpg,5 22 366 494 640 
test_Muroran_00261.jpg,4 28 505 247 629 4 169 340 249 557 
test_Muroran_00262.jpg,4 118 270 631 621 
test_Muroran_00263.jpg,8 0 403 99 599 3 280 402 484 615 
test_Muroran_00264.jpg,2 112 363 259 620 8 283 419 410 579 
test_Muroran_00265.jpg,2 419 362 577 470 2 192 308 402 634 
test_Muroran_00266.jpg,5 283 426 378 630 8 90 348 526 624 
test_Muroran_00267.jpg,7 86 327 642 630 
test_Muroran_00268.jpg,3 314 323 524 528 
test_Muroran_00269.jpg,4 35 332 641 624 
test_Muroran_00270.jpg,5 191 317 365 470 7 294 294 498 595 1 -9 483 610 621 
test_Muroran_00271.jpg,2 332 310 612 567 4 296 360 478 618 
test_Muroran_00272.jpg,4 177 355 309 485 4 373 371 542 588 
test_Muroran_00273.jpg,4 -11 292 203 610 
test_Muroran_00274.jpg,8 306 355 420 434 
test_Muroran_00275.jpg,4 433 460 591 600 8 24 287 223 636 1 399 414 600 550 
test_Muroran_00276.jpg,8 475 475 636 623 1 196 396 492 590 
test_Muroran_00277.jpg,3 86 314 626 637 
test_Muroran_00278.jpg,1 375 326 633 608 5 211 444 321 647 
test_Muroran_00279.jpg,6 289 441 632 519 4 295 406 604 477 1 297 466 378 630 2 306 443 458 568 7 45 357 240 613 
test_Muroran_00280.jpg,8 272 426 527 614 7 406 491 551 613 6 311 352 395 418 
test_Muroran_00281.jpg,5 266 333 624 625 1 214 287 296 616 
test_Muroran_00282.jpg,4 318 443 642 557 2 283 307 407 633 
test_Muroran_00283.jpg,2 279 394 587 611 6 -15 337 557 601 
test_Muroran_00284.jpg,7 -18 313 644 622 
test_Muroran_00285.jpg,7 337 338 554 615 4 153 372 366 635 
test_Muroran_00286.jpg,2 80 405 526 616 
test_Muroran_00287.jpg,7 171 411 354 624 
test_Muroran_00288.jpg,8 162 367 403 639 
test_Muroran_00289.jpg,6 113 316 365 646 3 308 342 635 611 1 417 455 569 628 
test_Muroran_00290.jpg,1 150 401 293 467 6 457 442 648 606 4 26 323 226 607 
test_Muroran_00291.jpg,8 235 333 329 629 
test_Muroran_00292.jpg,5 71 358 622 598 
test_Muroran_00293.jpg,7 264 338 408 620 6 -1 424 399 595 
test_Muroran_00294.jpg,7 120 449 390 629 
test_Muroran_00295.jpg,5 211 452 422 624 
test_Muroran_00296.jpg,6 173 301 332 580 
test_Muroran_00297.jpg,5 336 323 649 596 8 120 374 305 575 
test_Muroran_00298.jpg,1 380 388 594 635 
test_Muroran_00299.jpg,2 276 366 601 623 
test_Muroran_00300.jpg,7 255 527 530 600 
test_Muroran_00301.jpg,1 419 396 625 451 
test_Muroran_00302.jpg,3 235 519 360 620 3 344 535 445 604 6 110 511 220 620 4 378 511 495 585 
test_Muroran_00303.jpg,2 6 299 272 568 
test_Muroran_00304.jpg,6 256 333 542 561 
test_Muroran_00305.jpg,4 54 402 260 615 6 408 429 631 645 7 447 455 577 617 
test_Muroran_00306.jpg,7 280 322 352 630 
test_Muroran_00307.jpg,7 101 379 619 635 
test_Muroran_00308.jpg,5 121 322 245 508 
test_Muroran_00309.jpg,4 283 414 650 629 
test_Muroran_00310.jpg,1 396 352 517 476 
test_Muroran_00311.jpg,5 126 333 333 450 
test_Muroran_00312.jpg,7 199 345 382 439 5 352 405 634 630 
test_Muroran_00313.jpg,1 342 322 440 629 
test_Muroran_00314.jpg,3 335 381 478 544 5 6 382 621 650 
test_Muroran_00315.jpg,8 112 327 644 623 
test_Muroran_00316.jpg,5 85 366 306 613 
test_Muroran_00317.jpg,6 127 329 284 638 
test_Muroran_00318.jpg,2 304 357 378 627 3 -16 435 273 634 
test_Muroran_00319.jpg,4 271 444 622 540 2 209 270 443 617 
test_Muroran_00320.jpg,3 259 357 621 636 
test_Muroran_00321.jpg,5 95 352 603 630 
test_Muroran_00322.jpg,3 411 319 622 576 1 181 327 332 617 
test_Muroran_00323.jpg,5 31 362 627 622 
test_Muroran_00324.jpg,3 358 492 615 611 5 298 476 403 637 2 375 518 524 623 
test_Muroran_00325.jpg,5 272 363 573 413 6 305 321 435 444 6 35 359 195 596 3 228 383 322 611 
test_Muroran_00326.jpg,3 110 360 275 606 
test_Muroran_00327.jpg,1 455 482 588 640 5 254 305 360 643 
test_Muroran_00328.jpg,2 405 337 634 515 1 287 362 436 623 8 164 409 305 646 
test_Muroran_00329.jpg,1 -6 449 153 605 6 0 342 620 460 
test_Muroran_00330.jpg,2 23 426 186 609 
test_Muroran_00331.jpg,7 134 344 635 549 
test_Muroran_00332.jpg,8 349 333 646 645 
test_Muroran_00333.jpg,6 -5 541 648 615 
test_Muroran_00334.jpg,1 287 443 474 627 8 284 356 427 473 
test_Muroran_00335.jpg,1 139 321 420 452 3 334 425 616 616 
test_Muroran_00336.jpg,8 476 435 641 613 
test_Muroran_00337.jpg,5 341 450 491 637 
test_Muroran_00338.jpg,3 114 355 429 642 8 140 481 250 615 
test_Muroran_00339.jpg,2 158 378 602 616 
test_Muroran_00340.jpg,8 41 359 204 635 3 49 388 612 568 
test_Muroran_00341.jpg,4 336 333 403 430 6 -16 334 281 534 7 354 452 467 638 
test_Muroran_00342.jpg,8 0 357 426 611 
test_Muroran_00343.jpg,4 -6 353 627 641 
test_Muroran_00344.jpg,5 32 395 596 616 
test_Muroran_00345.jpg,3 156 400 416 617 4 -10 291 414 641 
test_Muroran_00346.jpg,2 -16 283 248 581 3 380 420 579 624 
test_Muroran_00347.jpg,1 282 363 616 613 
test_Muroran_00348.jpg,7 207 325 649 634 
test_Muroran_00349.jpg,5 300 369 455 489 6 122 286 249 625 
test_Muroran_00350.jpg,1 2 296 314 624 
test_Muroran_00351.jpg,5 305 402 593 515 
test_Muroran_00352.jpg,5 41 356 630 642 
test_Muroran_00353.jpg,1 282 378 456 438 6 256 416 351 493 
test_Muroran_00354.jpg,6 298 344 378 410 
test_Muroran_00355.jpg,2 331 298 618 646 2 85 371 316 631 1 181 351 333 626 
test_Muroran_00356.jpg,2 350 351 477 637 5 434 393 594 507 8 489 339 626 496 1 117 337 404 596 
test_Muroran_00357.jpg,7 73 431 358 633 
test_Muroran_00358.jpg,3 458 411 564 536 4 446 414 601 548 6 244 492 528 590 
test_Muroran_00359.jpg,5 122 295 646 639 
test_Muroran_00360.jpg,1 148 371 615 611 
test_Muroran_00361.jpg,3 12 421 549 626 
test_Muroran_00362.jpg,7 452 436 538 529 7 177 349 607 619 
test_Muroran_00363.jpg,2 422 401 601 598 2 355 324 497 479 2 350 522 560 643 1 143 475 295 644 
test_Muroran_00364.jpg,6 123 381 318 614 8 375 322 633 582 
test_Muroran_00365.jpg,7 440 386 634 574 8 400 420 579 617 7 -9 338 259 636 
test_Muroran_00366.jpg,6 244 327 446 607 
test_Muroran_00367.jpg,7 316 310 639 622 
test_Muroran_00368.jpg,4 453 373 604 458 2 506 420 648 565 1 -7 378 402 613 
test_Muroran_00369.jpg,6 -11 418 629 626 
test_Muroran_00370.jpg,6 414 482 527 615 4 347 325 412 409 6 -1 349 238 611 
test_Muroran_00371.jpg,6 296 395 462 597 6 137 388 231 616 
test_Muroran_00372.jpg,8 367 363 620 646 
test_Muroran_00373.jpg,2 48 327 301 638 
test_Muroran_00374.jpg,1 360 391 540 600 
test_Muroran_00375.jpg,2 281 462 619 542 1 190 358 307 629 
test_Muroran_00376.jpg,5 107 355 412 532 
test_Muroran_00377.jpg,1 427 367 610 611 8 165 331 635 642 
test_Muroran_00378.jpg,1 167 418 283 637 6 256 391 625 600 
test_Muroran_00379.jpg,1 112 437 348 635 
test_Muroran_00380.jpg,1 376 408 589 640 3 118 448 253 640 
test_Muroran_00381.jpg,3 258 312 385 413 5 -18 360 151 567 
test_Muroran_00382.jpg,4 383 468 495 643 5 199 355 299 510 6 273 265 367 463 2 270 408 483 532 
test_Muroran_00383.jpg,5 69 369 476 638 
test_Muroran_00384.jpg,5 351 291 577 528 5 434 466 580 637 
test_Muroran_00385.jpg,1 140 357 636 620 
test_Muroran_00386.jpg,5 164 330 341 611 5 410 417 593 641 
test_Muroran_00387.jpg,5 253 462 349 604 3 235 337 417 633 7 17 339 201 603 
test_Muroran_00388.jpg,3 4 318 613 615 
test_Muroran_00389.jpg,2 466 405 618 563 2 363 285 628 583 
test_Muroran_00390.jpg,3 366 354 523 616 
test_Muroran_00391.jpg,5 76 404 232 631 5 316 335 453 617 
test_Muroran_00392.jpg,5 -5 372 623 630 
test_Muroran_00393.jpg,7 56 405 465 642 
test_Muroran_00394.jpg,4 95 362 638 637 
test_Muroran_00395.jpg,5 367 358 522 463 8 344 473 466 598 6 108 478 195 633 2 158 391 242 469 7 235 387 295 485 
test_Muroran_00396.jpg,6 104 342 625 638 
test_Muroran_00397.jpg,8 174 453 402 614 5 132 279 562 396 
test_Muroran_00398.jpg,8 353 424 617 627 
test_Muroran_00399.jpg,2 73 310 337 619 
test_Muroran_00400.jpg,8 14 353 281 627 
test_Muroran_00401.jpg,7 316 429 432 628 8 82 366 379 452 2 296 502 395 607 1 41 444 633 572 
test_Muroran_00402.jpg,1 108 495 359 628 7 95 380 615 499 
test_Muroran_00403.jpg,5 204 357 501 630 
test_Muroran_00404.jpg,8 243 316 347 622 
test_Muroran_00405.jpg,8 323 336 638 547 4 264 321 440 622 
test_Muroran_00406.jpg,1 3 352 638 572 
test_Muroran_00407.jpg,2 202 344 619 616 
test_Muroran_00408.jpg,6 440 369 648 579 2 193 363 552 632 
test_Muroran_00409.jpg,3 155 375 632 630 
test_Muroran_00410.jpg,8 391 429 562 627 
test_Muroran_00411.jpg,4 359 383 500 499 4 -8 358 355 617 
test_Muroran_00412.jpg,4 -8 360 576 617 
test_Muroran_00413.jpg,1 56 274 288 455 
test_Muroran_00414.jpg,8 96 339 517 648 
test_Muroran_00415.jpg,8 209 347 479 419 2 323 388 628 635 
test_Muroran_00416.jpg,6 116 415 564 551 
test_Muroran_00417.jpg,7 387 333 623 612 3 163 359 359 565 
test_Muroran_00418.jpg,3 37 368 521 611 
test_Muroran_00419.jpg,4 57 320 641 647 
test_Muroran_00420.jpg,4 357 387 598 631 1 302 356 423 482 4 217 308 278 497 
test_Muroran_00421.jpg,2 254 463 507 543 5 180 360 346 619 
test_Muroran_00422.jpg,2 34 342 242 615 
test_Muroran_00423.jpg,5 162 348 561 633 
test_Muroran_00424.jpg,7 181 374 615 603 
test_Muroran_00425.jpg,4 275 336 357 640 
test_Muroran_00426.jpg,3 135 439 627 604 
test_Muroran_00427.jpg,6 482 532 614 636 7 227 480 313 637 
test_Muroran_00428.jpg,3 46 325 598 646 
test_Muroran_00429.jpg,1 394 428 591 611 2 275 440 365 558 4 57 383 286 623 
test_Numazu_00001.jpg,1 278 393 370 500 3 237 393 335 617 4 353 420 578 580 3 49 450 245 644 
test_Numazu_00002.jpg,3 -18 390 252 618 
test_Numazu_00003.jpg,1 292 290 407 427 7 2 399 644 634 
test_Numazu_00004.jpg,5 30 522 644 639 5 176 407 288 616 
test_Numazu_00005.jpg,2 133 479 605 635 
test_Numazu_00006.jpg,1 61 480 490 566 8 3 427 512 501 
test_Numazu_00007.jpg,8 369 374 621 592 6 145 404 633 510 
test_Numazu_00008.jpg,1 177 451 321 636 6 -6 362 175 503 
test_Numazu_00009.jpg,7 48 359 518 620 
test_Numazu_00010.jpg,2 39 328 229 622 
test_Numazu_00011.jpg,2 12 344 649 636 
test_Numazu_00012.jpg,5 -12 260 228 494 
test_Numazu_00013.jpg,4 133 260 279 430 
test_Numazu_00014.jpg,3 67 405 566 614 
test_Numazu_00015.jpg,3 43 283 409 612 
test_Numazu_00016.jpg,6 306 308 501 586 
test_Numazu_00017.jpg,1 299 315 622 622 
test_Numazu_00018.jpg,8 43 359 638 602 
test_Numazu_00019.jpg,4 257 380 536 634 
test_Numazu_00020.jpg,7 176 396 266 636 5 17 419 257 620 
test_Numazu_00021.jpg,7 205 369 314 561 3 29 281 212 564 4 242 304 377 481 
test_Numazu_00022.jpg,4 426 354 582 608 
test_Numazu_00023.jpg,8 273 324 372 474 7 77 322 252 502 
test_Numazu_00024.jpg,6 328 283 626 592 4 -7 277 216 548 4 167 388 267 623 8 244 417 544 511 
test_Numazu_00025.jpg,6 190 287 595 645 
test_Numazu_00026.jpg,2 -2 421 257 605 5 234 312 467 523 
test_Numazu_00027.jpg,5 177 374 552 452 3 248 289 319 447 5 199 281 295 620 
test_Numazu_00028.jpg,6 219 546 602 650 4 212 458 625 542 8 221 324 323 642 
test_Numazu_00029.jpg,8 12 363 610 605 
test_Numazu_00030.jpg,8 272 486 620 586 2 190 295 406 599 
test_Numazu_00031.jpg,3 196 274 265 502 7 -9 241 243 625 
test_Numazu_00032.jpg,4 317 310 628 562 7 -18 286 175 483 4 140 320 264 524 
test_Numazu_00033.jpg,1 387 392 635 503 3 159 341 335 610 
test_Numazu_00034.jpg,6 24 457 358 539 6 234 342 440 644 
test_Numazu_00035.jpg,1 280 432 462 507 7 286 518 512 590 6 246 329 351 614 4 34 316 244 630 
test_Numazu_00036.jpg,7 7 359 322 556 2 -12 235 334 624 7 338 368 592 637 
test_Numazu_00037.jpg,2 15 357 137 620 
test_Numazu_00038.jpg,7 222 412 315 617 5 247 412 596 601 
test_Numazu_00039.jpg,3 -6 378 223 571 5 331 417 522 491 1 253 335 518 635 8 40 480 624 558 
test_Numazu_00040.jpg,6 317 283 611 499 6 204 299 288 385 1 -3 268 244 636 
test_Numazu_00041.jpg,8 287 352 417 591 6 -12 237 263 563 
test_Numazu_00042.jpg,3 144 452 324 544 1 39 392 332 473 4 238 312 335 628 
test_Numazu_00043.jpg,7 294 445 426 615 
test_Numazu_00044.jpg,4 112 312 260 610 
test_Numazu_00045.jpg,5 263 415 441 622 4 79 382 248 637 
test_Numazu_00046.jpg,6 247 317 374 632 
test_Numazu_00047.jpg,6 139 305 250 396 5 320 289 551 616 
test_Numazu_00048.jpg,1 -12 323 515 530 
test_Numazu_00049.jpg,2 19 274 233 618 8 426 439 617 613 2 257 329 373 444 
test_Numazu_00050.jpg,3 -9 379 610 624 
test_Numazu_00051.jpg,5 216 313 577 442 8 0 341 644 592 
test_Numazu_00052.jpg,3 6 498 173 563 2 122 381 220 597 
test_Numazu_00053.jpg,6 381 330 614 589 3 347 357 538 593 
test_Numazu_00054.jpg,3 415 440 627 562 4 252 388 362 634 
test_Numazu_00055.jpg,6 237 355 470 639 
test_Numazu_00056.jpg,3 10 405 611 645 
test_Numazu_00057.jpg,4 28 378 634 632 1 433 455 617 637 3 0 341 224 635 
test_Numazu_00058.jpg,7 105 367 330 637 3 205 403 286 620 
test_Numazu_00059.jpg,6 -7 337 614 606 
test_Numazu_00060.jpg,1 -4 403 515 613 
test_Numazu_00061.jpg,8 374 378 500 469 8 26 395 174 471 4 492 476 590 614 5 321 473 457 585 
test_Numazu_00062.jpg,5 302 289 646 476 6 -3 273 248 455 8 4 372 546 640 
test_Numazu_00063.jpg,6 20 352 444 597 
test_Numazu_00064.jpg,7 126 382 414 650 
test_Numazu_00065.jpg,2 288 299 408 466 
test_Numazu_00066.jpg,1 308 341 495 521 3 278 267 527 585 
test_Numazu_00067.jpg,6 -7 304 201 598 4 392 441 510 541 8 301 338 576 590 
test_Numazu_00068.jpg,7 153 398 620 630 
test_Numazu_00069.jpg,3 118 338 457 583 4 470 462 619 614 
test_Numazu_00070.jpg,1 281 380 445 603 1 12 418 442 627 
test_Numazu_00071.jpg,4 356 288 487 380 7 28 312 221 636 
test_Numazu_00072.jpg,5 297 315 561 513 5 176 269 305 431 
test_Numazu_00073.jpg,3 277 232 460 446 1 2 421 644 635 
test_Numazu_00074.jpg,1 278 346 533 398 4 333 383 600 479 
test_Numazu_00075.jpg,8 1 383 297 604 
test_Numazu_00076.jpg,1 -11 390 641 507 5 271 261 363 443 
test_Numazu_00077.jpg,5 250 378 381 632 
test_Numazu_00078.jpg,4 146 368 370 621 
test_Numazu_00079.jpg,5 286 389 589 639 
test_Numazu_00080.jpg,1 353 407 610 600 6 274 371 458 615 2 211 357 285 620 
test_Numazu_00081.jpg,7 342 291 642 498 5 13 262 254 640 4 251 314 475 595 
test_Numazu_00082.jpg,5 36 372 242 625 3 281 441 398 568 1 106 512 374 586 
test_Numazu_00083.jpg,1 223 327 531 625 5 -10 339 410 644 
test_Numazu_00084.jpg,2 27 441 255 641 
test_Numazu_00085.jpg,7 205 386 495 613 
test_Numazu_00086.jpg,1 353 404 640 569 6 3 334 253 590 3 267 412 378 579 2 82 350 241 604 
test_Numazu_00087.jpg,6 319 336 544 629 4 10 333 324 615 
test_Numazu_00088.jpg,1 54 371 636 629 4 -8 347 230 628 8 391 460 625 634 
test_Numazu_00089.jpg,4 240 382 554 603 
test_Numazu_00090.jpg,5 98 380 352 447 6 314 417 435 604 7 1 524 289 600 
test_Numazu_00091.jpg,3 288 415 453 625 6 144 412 284 629 7 381 322 616 486 6 14 288 235 640 
test_Numazu_00092.jpg,8 56 389 271 650 
test_Numazu_00093.jpg,6 -8 466 643 563 
test_Numazu_00094.jpg,8 168 309 401 433 8 288 293 457 426 4 135 295 227 429 
test_Numazu_00095.jpg,5 233 280 391 587 
test_Numazu_00096.jpg,3 23 293 225 486 
test_Numazu_00097.jpg,5 125 395 291 629 
test_Numazu_00098.jpg,4 78 422 475 644 
test_Numazu_00099.jpg,5 149 491 352 646 
test_Numazu_00100.jpg,3 168 373 453 639 3 343 482 506 612 
test_Numazu_00101.jpg,6 290 310 505 599 1 210 297 467 611 
test_Numazu_00102.jpg,5 126 358 606 635 
test_Numazu_00103.jpg,8 219 388 605 501 6 199 376 299 580 
test_Numazu_00104.jpg,5 34 289 605 635 
test_Numazu_00105.jpg,2 275 269 594 631 
test_Numazu_00106.jpg,4 16 378 621 597 
test_Numazu_00107.jpg,5 66 311 608 638 5 132 270 298 595 1 445 391 620 564 
test_Numazu_00108.jpg,3 422 396 614 584 5 4 471 419 602 
test_Numazu_00109.jpg,8 111 317 379 587 
test_Numazu_00110.jpg,3 163 345 312 592 3 332 330 639 619 7 -10 468 311 591 
test_Numazu_00111.jpg,5 358 464 621 580 1 271 294 414 609 1 -14 409 216 629 
test_Numazu_00112.jpg,7 104 428 566 649 
test_Numazu_00113.jpg,1 -7 255 256 537 7 200 292 284 633 5 324 323 642 623 
test_Numazu_00114.jpg,8 -1 405 547 632 2 50 267 227 594 3 212 314 386 450 
test_Numazu_00115.jpg,3 200 291 285 474 
test_Numazu_00116.jpg,4 178 368 318 555 
test_Numazu_00117.jpg,6 266 371 615 472 6 213 254 317 640 
test_Numazu_00118.jpg,2 336 312 621 643 7 194 269 281 632 
test_Numazu_00119.jpg,4 270 355 561 620 
test_Numazu_00120.jpg,5 204 300 515 635 
test_Numazu_00121.jpg,6 -6 414 202 597 
test_Numazu_00122.jpg,6 -1 362 567 482 3 9 390 129 611 
test_Numazu_00123.jpg,4 18 350 209 609 3 228 386 409 621 
test_Numazu_00124.jpg,7 288 320 489 615 8 129 460 250 616 
test_Numazu_00125.jpg,4 65 415 639 630 
test_Numazu_00126.jpg,8 182 385 265 641 
test_Numazu_00127.jpg,6 133 452 472 646 
test_Numazu_00128.jpg,8 -18 363 163 608 1 233 392 478 605 
test_Numazu_00129.jpg,2 238 427 324 636 4 331 414 519 612 
test_Numazu_00130.jpg,6 299 382 494 564 2 8 389 307 579 
test_Numazu_00131.jpg,1 16 362 284 650 
test_Numazu_00132.jpg,3 303 383 530 609 2 60 339 314 623 
test_Numazu_00133.jpg,1 100 454 420 532 1 128 413 200 549 6 356 465 453 607 
test_Numazu_00134.jpg,1 343 291 630 523 6 197 352 309 534 4 -16 260 237 624 
test_Numazu_00135.jpg,5 5 537 243 615 1 3 459 284 540 8 169 327 307 616 8 277 341 380 500 
test_Numazu_00136.jpg,7 125 371 220 614 
test_Numazu_00137.jpg,7 373 356 561 601 3 168 368 343 611 
test_Numazu_00138.jpg,4 11 375 622 623 
test_Numazu_00139.jpg,3 158 409 611 509 
test_Numazu_00140.jpg,8 35 503 612 614 
test_Numazu_00141.jpg,1 349 394 579 458 6 243 343 362 609 8 290 356 528 594 
test_Numazu_00142.jpg,3 134 310 493 406 2 426 393 646 545 1 435 353 612 517 7 -1 257 236 511 4 -10 504 465 587 
test_Numazu_00143.jpg,3 -2 289 233 522 6 318 387 538 594 
test_Numazu_00144.jpg,7 8 299 632 619 7 430 418 637 559 2 264 307 488 643 
test_Numazu_00145.jpg,1 330 312 552 440 2 305 326 484 568 
test_Numazu_00146.jpg,1 312 304 527 598 
test_Numazu_00147.jpg,1 15 404 421 631 
test_Numazu_00148.jpg,1 110 400 444 499 8 163 287 282 397 1 60 310 164 641 
test_Numazu_00149.jpg,6 347 466 562 630 3 1 377 589 633 
test_Numazu_00150.jpg,3 178 353 619 553 
test_Numazu_00151.jpg,1 263 283 366 481 1 334 384 643 638 
test_Numazu_00152.jpg,2 264 487 359 611 
test_Numazu_00153.jpg,8 188 508 608 622 1 369 341 639 647 6 115 376 389 644 
test_Numazu_00154.jpg,7 -5 372 634 612 
test_Numazu_00155.jpg,6 44 410 146 583 2 -15 294 182 514 8 294 325 601 643 
test_Numazu_00156.jpg,6 348 417 516 604 2 232 394 462 488 6 236 471 527 556 2 204 381 301 589 
test_Numazu_00157.jpg,5 2 366 473 615 
test_Numazu_00158.jpg,7 315 267 522 601 
test_Numazu_00159.jpg,7 175 270 302 449 8 17 415 206 633 
test_Numazu_00160.jpg,5 -7 406 623 644 6 31 359 175 574 8 153 280 297 408 
test_Numazu_00161.jpg,3 324 287 627 555 
test_Numazu_00162.jpg,4 284 333 468 511 8 -4 303 196 583 
test_Numazu_00163.jpg,7 134 288 583 641 
test_Numazu_00164.jpg,4 25 324 244 550 
test_Numazu_00165.jpg,8 -17 274 235 628 
test_Numazu_00166.jpg,1 -4 264 235 527 8 66 418 189 596 
test_Numazu_00167.jpg,5 -12 364 638 629 
test_Numazu_00168.jpg,6 78 339 619 618 2 260 305 525 622 1 103 303 241 430 
test_Numazu_00169.jpg,5 58 262 245 578 
test_Numazu_00170.jpg,5 237 342 537 551 
test_Numazu_00171.jpg,5 129 312 297 496 
test_Numazu_00172.jpg,7 340 269 645 565 8 163 305 283 477 
test_Numazu_00173.jpg,2 2 435 650 559 7 154 258 302 487 
test_Numazu_00174.jpg,1 190 305 266 509 6 -16 245 256 623 
test_Numazu_00175.jpg,8 0 388 201 565 4 266 402 556 613 4 184 385 266 621 
test_Numazu_00176.jpg,2 256 290 620 631 6 234 329 398 640 
test_Numazu_00177.jpg,8 292 455 513 624 8 111 393 239 609 
test_Numazu_00178.jpg,8 133 475 353 624 
test_Numazu_00179.jpg,5 202 469 394 632 
test_Numazu_00180.jpg,3 262 391 534 620 
test_Numazu_00181.jpg,4 35 296 384 611 1 281 281 650 542 5 224 262 433 639 
test_Numazu_00182.jpg,5 82 550 389 620 2 291 431 465 605 4 49 484 178 636 
test_Numazu_00183.jpg,2 6 317 536 635 
test_Numazu_00184.jpg,1 152 481 646 641 2 184 462 597 548 
test_Numazu_00185.jpg,4 -6 285 128 512 8 11 272 174 626 2 146 398 284 627 
test_Numazu_00186.jpg,5 234 323 626 612 
test_Numazu_00187.jpg,2 346 428 469 578 
test_Numazu_00188.jpg,2 167 255 242 350 
test_Numazu_00189.jpg,3 190 337 634 635 
test_Numazu_00190.jpg,1 340 367 574 607 5 179 283 277 385 1 243 296 346 488 1 66 324 236 518 
test_Numazu_00191.jpg,2 283 311 435 595 6 246 371 435 609 
test_Numazu_00192.jpg,2 13 284 233 604 3 362 345 613 621 
test_Numazu_00193.jpg,3 342 269 638 584 2 23 398 182 587 
test_Numazu_00194.jpg,5 128 369 248 552 2 -6 244 218 508 8 309 333 489 547 
test_Numazu_00195.jpg,7 -9 392 350 647 
test_Numazu_00196.jpg,4 270 261 629 587 
test_Numazu_00197.jpg,4 339 372 496 498 6 183 291 296 441 
test_Numazu_00198.jpg,2 38 543 394 634 6 322 417 630 554 7 61 384 327 440 4 250 374 378 618 
test_Numazu_00199.jpg,5 326 301 650 560 
test_Numazu_00200.jpg,7 219 282 292 589 
test_Numazu_00201.jpg,8 522 459 625 575 7 453 464 533 635 4 283 460 406 616 
test_Numazu_00202.jpg,1 -3 278 237 495 5 435 460 572 625 
test_Numazu_00203.jpg,7 209 327 588 632 
test_Numazu_00204.jpg,7 0 240 205 523 2 2 305 600 638 
test_Numazu_00205.jpg,7 -4 428 434 612 
test_Numazu_00206.jpg,2 63 260 210 441 7 337 440 462 526 8 58 383 595 494 
test_Numazu_00207.jpg,5 307 346 488 429 4 106 442 239 614 8 154 424 524 486 1 -5 281 635 601 2 181 257 480 357 
test_Numazu_00208.jpg,8 225 378 576 618 1 324 422 443 530 
test_Numazu_00209.jpg,8 338 434 475 613 1 -2 378 538 490 
test_Numazu_00210.jpg,2 90 459 223 585 1 322 454 520 650 
test_Numazu_00211.jpg,5 1 394 223 602 
test_Numazu_00212.jpg,3 263 389 639 624 
test_Numazu_00213.jpg,7 464 319 639 543 2 -3 257 323 507 
test_Numazu_00214.jpg,6 4 366 528 642 
test_Numazu_00215.jpg,2 283 231 567 496 1 -15 236 259 494 2 108 364 488 629 
test_Numazu_00216.jpg,3 42 304 266 637 
test_Numazu_00217.jpg,3 237 365 330 532 4 98 529 383 645 3 349 425 629 619 
test_Numazu_00218.jpg,7 25 360 523 495 2 236 395 541 567 4 247 282 427 603 
test_Numazu_00219.jpg,4 2 338 642 616 
test_Numazu_00220.jpg,2 239 332 514 591 
test_Numazu_00221.jpg,2 245 291 379 618 2 295 324 427 471 
test_Numazu_00222.jpg,1 191 400 329 538 1 279 397 589 470 
test_Numazu_00223.jpg,5 95 410 268 581 6 284 342 420 597 
test_Numazu_00224.jpg,1 50 394 525 640 
test_Numazu_00225.jpg,5 124 289 264 598 
test_Numazu_00226.jpg,1 307 303 415 402 3 18 345 475 599 
test_Numazu_00227.jpg,6 46 383 258 630 5 34 395 633 624 
test_Numazu_00228.jpg,1 264 400 384 598 
test_Numazu_00229.jpg,6 -16 300 136 518 
test_Numazu_00230.jpg,5 68 274 250 543 
test_Numazu_00231.jpg,2 84 310 544 627 
test_Numazu_00232.jpg,5 245 264 424 608 
test_Numazu_00233.jpg,6 330 276 641 502 1 160 360 373 616 
test_Numazu_00234.jpg,4 234 276 331 619 
test_Numazu_00235.jpg,3 329 316 617 611 5 228 263 290 493 8 57 379 245 562 
test_Numazu_00236.jpg,4 57 347 476 602 
test_Numazu_00237.jpg,2 91 389 444 620 
test_Numazu_00238.jpg,1 298 324 500 623 
test_Numazu_00239.jpg,7 249 418 400 554 
test_Numazu_00240.jpg,6 243 375 411 645 
test_Numazu_00241.jpg,1 259 248 407 629 
test_Numazu_00242.jpg,1 95 291 266 630 7 272 345 639 611 
test_Numazu_00243.jpg,4 -12 285 204 545 1 140 297 301 445 
test_Numazu_00244.jpg,4 286 376 372 621 
test_Numazu_00245.jpg,5 178 288 365 627 
test_Numazu_00246.jpg,5 375 407 644 578 8 278 405 418 614 6 88 490 232 609 5 306 443 625 615 
test_Numazu_00247.jpg,4 26 524 171 626 2 133 466 412 641 
test_Numazu_00248.jpg,4 118 406 276 545 8 234 329 336 595 
test_Numazu_00249.jpg,3 424 532 650 587 4 318 438 559 507 2 251 365 528 621 
test_Numazu_00250.jpg,7 299 282 562 586 8 108 301 279 625 2 169 434 643 544 
test_Numazu_00251.jpg,3 52 500 503 584 8 313 409 501 577 
test_Numazu_00252.jpg,2 -13 458 207 609 7 220 470 438 606 
test_Numazu_00253.jpg,8 292 292 597 639 
test_Numazu_00254.jpg,2 224 358 448 450 2 40 396 225 615 
test_Numazu_00255.jpg,6 296 342 437 637 
test_Numazu_00256.jpg,8 179 290 358 403 6 0 319 547 627 
test_Numazu_00257.jpg,1 70 292 406 422 
test_Numazu_00258.jpg,4 266 277 329 387 3 164 304 242 415 
test_Numazu_00259.jpg,6 439 412 569 555 6 347 394 471 619 
test_Numazu_00260.jpg,2 171 356 387 629 
test_Numazu_00261.jpg,2 50 250 260 608 
test_Numazu_00262.jpg,4 307 295 626 637 
test_Numazu_00263.jpg,2 176 370 476 632 6 163 297 281 447 
test_Numazu_00264.jpg,1 80 372 228 605 1 172 297 410 535 
test_Numazu_00265.jpg,1 255 351 492 613 6 27 361 210 634 
test_Numazu_00266.jpg,6 208 457 344 605 
test_Numazu_00267.jpg,2 474 481 631 636 5 219 401 561 518 
test_Numazu_00268.jpg,8 101 341 309 615 
test_Numazu_00269.jpg,2 -6 285 530 619 
test_Numazu_00270.jpg,6 356 403 641 590 
test_Numazu_00271.jpg,4 349 330 636 557 1 137 307 417 392 
test_Numazu_00272.jpg,3 288 319 422 441 4 206 322 396 618 
test_Numazu_00273.jpg,5 207 287 385 592 
test_Numazu_00274.jpg,1 253 524 606 611 7 63 461 373 575 
test_Numazu_00275.jpg,6 356 406 575 494 6 317 281 457 609 
test_Numazu_00276.jpg,8 16 349 641 603 
test_Numazu_00277.jpg,5 75 376 241 555 5 212 357 326 527 4 59 484 483 567 
test_Numazu_00278.jpg,1 162 307 265 412 
test_Numazu_00279.jpg,1 326 472 609 542 6 265 391 375 629 2 60 369 268 607 7 -8 410 184 618 7 330 408 475 627 
test_Numazu_00280.jpg,3 248 308 394 649 
test_Numazu_00281.jpg,1 17 322 277 623 
test_Numazu_00282.jpg,3 48 409 236 613 
test_Numazu_00283.jpg,6 83 423 279 606 
test_Numazu_00284.jpg,6 4 537 171 629 1 223 337 316 629 
test_Numazu_00285.jpg,5 272 398 611 626 
test_Numazu_00286.jpg,7 193 454 581 557 3 45 361 287 619 
test_Numazu_00287.jpg,6 69 433 176 554 4 328 473 643 558 
test_Numazu_00288.jpg,2 99 431 476 631 
test_Numazu_00289.jpg,1 164 421 647 640 
test_Numazu_00290.jpg,6 124 280 610 441 1 197 382 356 500 
test_Numazu_00291.jpg,6 442 507 619 638 4 175 419 316 597 
test_Numazu_00292.jpg,4 316 297 604 599 
test_Numazu_00293.jpg,2 171 324 558 596 
test_Numazu_00294.jpg,6 267 397 545 481 6 160 420 288 621 6 194 333 274 457 
test_Numazu_00295.jpg,6 304 390 450 636 4 -9 271 194 462 
test_Numazu_00296.jpg,5 115 378 331 611 
test_Numazu_00297.jpg,2 269 437 434 637 4 177 371 281 498 
test_Numazu_00298.jpg,6 55 302 372 633 1 388 392 606 623 
test_Numazu_00299.jpg,2 316 293 500 459 
test_Numazu_00300.jpg,8 285 405 402 556 4 188 372 278 620 
test_Numazu_00301.jpg,8 277 370 479 506 4 289 270 519 573 7 13 325 544 606 
test_Numazu_00302.jpg,8 -6 331 139 494 
test_Numazu_00303.jpg,2 -13 253 283 546 
test_Numazu_00304.jpg,2 296 317 572 617 7 294 246 611 623 
test_Numazu_00305.jpg,7 109 435 392 538 4 23 454 200 627 
test_Numazu_00306.jpg,4 325 250 643 526 2 202 287 350 462 
test_Numazu_00307.jpg,3 127 486 612 604 6 -6 260 224 581 
test_Numazu_00308.jpg,5 184 391 419 574 3 43 506 256 645 
test_Numazu_00309.jpg,7 328 390 430 511 
test_Numazu_00310.jpg,6 34 327 180 432 3 280 347 444 643 6 372 349 625 523 2 432 469 639 577 
test_Numazu_00311.jpg,1 20 407 603 610 
test_Numazu_00312.jpg,8 86 284 282 593 
test_Numazu_00313.jpg,7 3 457 458 542 2 94 251 191 522 
test_Numazu_00314.jpg,5 47 490 358 586 7 256 396 329 609 
test_Numazu_00315.jpg,4 315 294 617 626 3 305 413 443 591 7 -13 358 154 540 
test_Numazu_00316.jpg,2 146 371 608 490 2 -18 307 232 529 
test_Numazu_00317.jpg,1 436 423 602 531 8 335 411 556 626 
test_Numazu_00318.jpg,2 396 413 621 575 7 103 346 256 625 6 330 425 515 635 7 216 347 289 617 
test_Numazu_00319.jpg,5 4 492 507 599 
test_Numazu_00320.jpg,5 359 355 610 604 2 60 352 200 630 
test_Numazu_00321.jpg,3 -9 307 627 579 
test_Numazu_00322.jpg,6 119 302 429 393 
test_Numazu_00323.jpg,7 57 327 635 510 
test_Numazu_00324.jpg,8 120 482 612 602 7 94 354 331 528 
test_Numazu_00325.jpg,5 0 383 199 559 5 80 402 183 601 
test_Numazu_00326.jpg,7 303 305 633 635 
test_Numazu_00327.jpg,4 161 528 503 610 7 85 424 198 581 7 295 420 643 606 
test_Numazu_00328.jpg,5 -14 277 226 523 7 45 495 244 640 2 283 288 570 614 
test_Numazu_00329.jpg,8 358 284 627 482 6 28 262 280 625 2 259 334 394 463 5 217 296 289 440 
test_Numazu_00330.jpg,1 31 320 193 619 7 218 332 463 610 
test_Numazu_00331.jpg,3 164 429 294 538 
test_Numazu_00332.jpg,1 -8 483 634 609 7 309 317 392 454 
test_Numazu_00333.jpg,2 -12 434 619 629 
test_Numazu_00334.jpg,5 208 433 312 609 
test_Numazu_00335.jpg,8 -8 279 220 574 2 336 316 613 585 
test_Numazu_00336.jpg,1 224 462 441 590 6 277 305 603 623 
test_Numazu_00337.jpg,8 214 386 402 605 4 17 394 228 636 5 350 466 644 616 
test_Numazu_00338.jpg,2 297 440 624 619 
test_Numazu_00339.jpg,7 282 256 631 622 8 -7 269 245 558 
test_Numazu_00340.jpg,7 383 392 626 555 
test_Numazu_00341.jpg,3 380 476 641 560 4 198 348 470 602 
test_Numazu_00342.jpg,8 413 369 623 519 7 118 373 275 610 
test_Numazu_00343.jpg,3 15 310 621 617 
test_Numazu_00344.jpg,5 -4 490 625 562 
test_Numazu_00345.jpg,1 52 450 544 557 7 103 378 237 515 
test_Numazu_00346.jpg,1 -3 413 624 627 
test_Numazu_00347.jpg,1 25 366 504 438 1 117 372 230 598 
test_Numazu_00348.jpg,6 178 477 383 555 3 444 470 639 642 4 7 419 645 531 
test_Numazu_00349.jpg,5 172 287 305 423 
test_Numazu_00350.jpg,1 308 345 378 606 
test_Numazu_00351.jpg,5 42 341 625 499 
test_Numazu_00352.jpg,8 122 388 575 612 
test_Numazu_00353.jpg,3 283 323 479 640 
test_Numazu_00354.jpg,5 115 326 536 558 4 1 366 160 542 
test_Numazu_00355.jpg,3 230 362 347 606 
test_Numazu_00356.jpg,7 170 438 241 638 8 65 435 224 609 4 214 431 618 626 
test_Numazu_00357.jpg,7 284 349 522 625 
test_Numazu_00358.jpg,5 274 385 513 613 7 161 369 272 480 6 218 489 631 589 4 212 400 301 613 
test_Numazu_00359.jpg,8 119 373 621 641 
test_Numazu_00360.jpg,8 -14 258 234 538 4 338 429 466 576 7 326 298 619 637 
test_Numazu_00361.jpg,3 239 273 323 369 
test_Numazu_00362.jpg,2 385 394 613 580 8 76 401 201 517 3 238 358 356 578 
test_Numazu_00363.jpg,3 130 315 224 416 2 -16 398 181 470 6 145 439 452 523 2 171 262 290 620 
test_Numazu_00364.jpg,4 0 363 188 544 2 248 357 441 633 
test_Numazu_00365.jpg,1 44 273 514 338 4 47 405 616 469 
test_Numazu_00366.jpg,2 6 348 463 442 6 12 269 448 346 
test_Numazu_00367.jpg,5 430 493 590 548 7 301 450 460 555 2 88 391 274 610 
test_Numazu_00368.jpg,7 -15 312 196 533 7 220 520 452 602 4 64 390 392 630 5 343 431 534 622 
test_Numazu_00369.jpg,4 255 328 546 542 2 244 287 348 599 
test_Numazu_00370.jpg,4 212 250 344 632 
test_Numazu_00371.jpg,4 -7 308 516 627 
test_Numazu_00372.jpg,4 147 280 549 637 
test_Numazu_00373.jpg,3 -6 297 605 501 
test_Numazu_00374.jpg,1 14 373 233 578 
test_Numazu_00375.jpg,3 66 433 517 631 
test_Numazu_00376.jpg,3 39 328 269 604 6 151 418 466 636 
test_Numazu_00377.jpg,1 377 316 623 641 6 73 328 287 617 
test_Numazu_00378.jpg,6 301 287 646 601 4 -7 270 214 455 4 1 353 179 583 
test_Numazu_00379.jpg,6 151 387 574 579 1 225 268 350 470 
test_Numazu_00380.jpg,3 5 370 647 613 
test_Numazu_00381.jpg,6 26 385 127 501 1 218 277 327 508 
test_Numazu_00382.jpg,5 401 439 538 550 5 194 331 607 488 
test_Numazu_00383.jpg,8 397 323 569 630 1 281 312 380 629 
test_Numazu_00384.jpg,5 124 291 637 487 
test_Numazu_00385.jpg,1 132 313 297 604 3 -1 338 251 612 
test_Numazu_00386.jpg,1 -5 294 162 526 1 358 367 643 585 
test_Numazu_00387.jpg,3 239 375 366 598 
test_Numazu_00388.jpg,7 67 264 328 633 
test_Numazu_00389.jpg,5 110 342 648 601 
test_Numazu_00390.jpg,8 80 408 540 636 
test_Numazu_00391.jpg,6 15 359 483 619 
test_Numazu_00392.jpg,5 259 315 378 585 
test_Numazu_00393.jpg,1 343 284 548 412 
test_Numazu_00394.jpg,5 131 319 611 641 
test_Numazu_00395.jpg,8 55 394 566 618 
test_Numazu_00396.jpg,4 291 446 399 629 
test_Numazu_00397.jpg,5 219 364 346 633 
test_Numazu_00398.jpg,2 134 342 376 491 8 14 260 244 453 6 329 328 529 558 
test_Numazu_00399.jpg,5 362 368 617 597 2 7 320 276 510 
test_Numazu_00400.jpg,3 102 415 242 633 4 246 376 368 619 
test_Numazu_00401.jpg,1 302 363 621 639 7 266 380 370 478 7 142 390 284 550 
test_Numazu_00402.jpg,8 185 440 638 508 
test_Numazu_00403.jpg,6 344 290 613 561 7 1 252 223 501 
test_Numazu_00404.jpg,5 186 329 534 607 
test_Numazu_00405.jpg,4 346 257 629 577 7 1 247 223 450 
test_Numazu_00406.jpg,8 4 262 280 610 8 260 287 408 388 6 301 351 587 638 
test_Numazu_00407.jpg,5 -7 340 618 616 
test_Sumida_00001.jpg,2 389 413 610 592 
test_Sumida_00002.jpg,5 301 411 414 570 
test_Sumida_00003.jpg,1 91 417 209 513 8 156 415 320 571 2 222 386 347 571 
test_Sumida_00004.jpg,6 439 500 612 635 
test_Sumida_00005.jpg,3 31 442 624 557 
test_Sumida_00006.jpg,7 110 384 275 479 5 -3 455 224 586 
test_Sumida_00007.jpg,1 -10 391 144 570 6 179 422 382 566 
test_Sumida_00008.jpg,6 282 387 350 530 
test_Sumida_00009.jpg,3 302 393 551 602 1 -15 421 274 574 
test_Sumida_00010.jpg,4 244 357 332 569 
test_Sumida_00011.jpg,7 355 406 554 599 
test_Sumida_00012.jpg,6 373 429 532 642 
test_Sumida_00013.jpg,4 414 431 642 627 
test_Sumida_00014.jpg,7 20 446 635 569 
test_Sumida_00015.jpg,1 315 391 482 603 
test_Sumida_00016.jpg,8 232 419 301 568 
test_Sumida_00017.jpg,1 372 418 496 544 6 218 408 359 534 
test_Sumida_00018.jpg,2 427 490 607 582 4 291 412 360 573 
test_Sumida_00019.jpg,8 136 454 643 579 
test_Sumida_00020.jpg,7 345 410 503 471 2 124 387 247 516 7 204 404 307 543 
test_Sumida_00021.jpg,6 318 490 401 556 
test_Sumida_00022.jpg,8 174 422 650 564 
test_Sumida_00023.jpg,7 316 383 431 572 
test_Sumida_00024.jpg,5 228 381 383 567 8 346 443 484 564 
test_Sumida_00025.jpg,1 319 372 439 548 
test_Sumida_00026.jpg,7 173 466 311 576 
test_Sumida_00027.jpg,1 243 390 340 564 2 326 412 436 589 
test_Sumida_00028.jpg,6 327 385 483 545 
test_Sumida_00029.jpg,1 348 422 482 556 
test_Sumida_00030.jpg,8 325 394 570 608 
test_Sumida_00031.jpg,6 382 457 610 601 
test_Sumida_00032.jpg,4 243 442 359 575 5 -14 493 645 634 
test_Sumida_00033.jpg,1 344 408 468 561 
test_Sumida_00034.jpg,2 326 393 419 491 6 110 436 610 584 
test_Sumida_00035.jpg,2 329 392 447 592 5 461 431 614 558 
test_Sumida_00036.jpg,6 22 381 299 582 
test_Sumida_00037.jpg,7 129 412 316 601 
test_Sumida_00038.jpg,1 261 421 382 566 
test_Sumida_00039.jpg,5 -7 442 411 581 
test_Sumida_00040.jpg,3 -13 428 431 520 
test_Sumida_00041.jpg,8 306 397 450 559 
test_Sumida_00042.jpg,4 234 391 365 503 2 383 420 464 505 
test_Sumida_00043.jpg,8 326 432 549 493 7 326 457 417 579 
test_Sumida_00044.jpg,2 356 404 468 561 
test_Sumida_00045.jpg,4 166 414 615 592 
test_Sumida_00046.jpg,6 316 405 429 553 
test_Sumida_00047.jpg,3 436 444 553 549 7 328 360 606 573 
test_Sumida_00048.jpg,6 374 444 522 600 3 256 417 353 600 
test_Sumida_00049.jpg,2 364 404 578 605 1 322 426 428 556 
test_Sumida_00050.jpg,8 330 399 434 582 
test_Sumida_00051.jpg,
test_Sumida_00052.jpg,4 83 404 277 592 
test_Sumida_00053.jpg,1 300 367 477 576 
test_Sumida_00054.jpg,1 216 412 308 566 
test_Sumida_00055.jpg,5 324 407 416 593 4 379 422 559 582 
test_Sumida_00056.jpg,1 84 439 613 570 
test_Sumida_00057.jpg,7 180 423 617 563 
test_Sumida_00058.jpg,8 320 439 614 606 8 12 410 254 572 
test_Sumida_00059.jpg,2 309 390 440 598 
test_Sumida_00060.jpg,8 284 419 383 520 6 47 475 193 603 
test_Sumida_00061.jpg,4 409 385 619 554 6 355 426 482 583 7 45 418 225 579 
test_Sumida_00062.jpg,2 367 404 635 604 
test_Sumida_00063.jpg,8 252 394 620 464 5 116 436 295 588 1 389 406 641 557 5 316 405 393 603 
test_Sumida_00064.jpg,8 123 398 214 543 
test_Sumida_00065.jpg,7 345 396 583 585 6 350 441 467 548 
test_Sumida_00066.jpg,1 349 426 624 611 3 72 418 339 604 
test_Sumida_00067.jpg,4 302 410 353 485 
test_Sumida_00068.jpg,1 332 399 413 573 
test_Sumida_00069.jpg,2 410 439 622 603 
test_Sumida_00070.jpg,1 91 418 608 558 
test_Sumida_00071.jpg,1 238 421 472 480 4 345 437 435 562 3 93 428 298 596 
test_Sumida_00072.jpg,1 180 421 626 538 
test_Sumida_00073.jpg,6 220 359 371 571 
test_Sumida_00074.jpg,8 96 429 629 615 
test_Sumida_00075.jpg,8 192 376 311 564 1 249 413 569 494 
test_Sumida_00076.jpg,5 341 419 436 604 
test_Sumida_00077.jpg,7 75 445 348 520 8 195 431 293 552 
test_Sumida_00078.jpg,1 238 411 334 567 
test_Sumida_00079.jpg,5 268 397 411 570 7 38 387 249 591 
test_Sumida_00080.jpg,3 315 386 470 551 
test_Sumida_00081.jpg,8 1 441 647 589 
test_Sumida_00082.jpg,3 273 368 337 503 
test_Sumida_00083.jpg,4 378 401 589 559 8 270 398 352 602 
test_Sumida_00084.jpg,5 404 426 635 564 1 326 411 387 545 
test_Sumida_00085.jpg,8 268 416 403 515 
test_Sumida_00086.jpg,5 333 412 396 578 
test_Sumida_00087.jpg,5 379 419 527 602 
test_Sumida_00088.jpg,5 348 391 431 489 
test_Sumida_00089.jpg,2 -10 417 636 543 
test_Sumida_00090.jpg,3 251 423 365 622 
test_Sumida_00091.jpg,4 172 367 314 508 
test_Sumida_00092.jpg,5 365 425 468 549 
test_Sumida_00093.jpg,6 436 474 576 578 5 100 416 324 583 
test_Sumida_00094.jpg,6 137 403 267 538 
test_Sumida_00095.jpg,5 175 381 310 524 
test_Sumida_00096.jpg,8 2 396 225 545 2 201 430 342 569 7 396 422 646 589 
test_Sumida_00097.jpg,6 -3 412 460 568 
test_Sumida_00098.jpg,8 -11 424 647 569 
test_Sumida_00099.jpg,2 122 411 309 585 
test_Sumida_00100.jpg,7 271 380 361 534 
test_Sumida_00101.jpg,1 316 417 414 567 
test_Sumida_00102.jpg,1 305 386 429 566 
test_Sumida_00103.jpg,8 175 450 621 582 
test_Sumida_00104.jpg,6 205 394 462 575 
test_Sumida_00105.jpg,6 320 460 399 572 
test_Sumida_00106.jpg,4 429 399 649 549 6 121 443 296 536 
test_Sumida_00107.jpg,6 407 406 499 523 
test_Sumida_00108.jpg,5 230 393 339 560 
test_Sumida_00109.jpg,8 444 457 609 585 
test_Sumida_00110.jpg,6 383 423 647 625 
test_Sumida_00111.jpg,5 303 453 403 563 
test_Sumida_00112.jpg,1 103 441 629 611 
test_Sumida_00113.jpg,4 325 421 370 568 
test_Sumida_00114.jpg,2 205 452 486 561 2 394 442 614 634 
test_Sumida_00115.jpg,5 424 393 630 560 4 199 396 374 569 
test_Sumida_00116.jpg,8 221 408 410 517 
test_Sumida_00117.jpg,1 332 421 457 555 5 85 427 284 587 
test_Sumida_00118.jpg,7 212 437 394 539 
test_Sumida_00119.jpg,3 -11 426 650 569 
test_Sumida_00120.jpg,8 85 392 620 509 
test_Sumida_00121.jpg,3 329 394 497 562 
test_Sumida_00122.jpg,8 -3 427 639 567 
test_Sumida_00123.jpg,7 29 420 194 539 5 -6 390 239 565 
test_Sumida_00124.jpg,6 372 416 563 616 
test_Sumida_00125.jpg,5 305 385 411 556 
test_Sumida_00126.jpg,4 114 410 462 555 
test_Sumida_00127.jpg,5 0 478 611 590 
test_Sumida_00128.jpg,8 212 379 327 533 5 72 379 224 557 
test_Sumida_00129.jpg,1 430 472 585 618 7 187 438 330 581 
test_Sumida_00130.jpg,5 334 399 468 570 
test_Sumida_00131.jpg,5 261 401 347 566 
test_Sumida_00132.jpg,6 392 447 524 574 
test_Sumida_00133.jpg,7 191 360 306 514 
test_Sumida_00134.jpg,4 131 417 259 547 
test_Sumida_00135.jpg,6 459 483 620 607 
test_Sumida_00136.jpg,6 2 438 612 604 
test_Sumida_00137.jpg,6 30 415 189 528 
test_Sumida_00138.jpg,8 256 428 332 577 
test_Sumida_00139.jpg,7 175 411 283 545 
test_Sumida_00140.jpg,4 313 451 400 584 
test_Sumida_00141.jpg,2 355 402 624 634 6 171 453 301 569 
test_Sumida_00142.jpg,3 312 380 457 580 
test_Sumida_00143.jpg,6 67 423 650 613 
test_Sumida_00144.jpg,1 415 395 609 550 8 392 467 489 523 7 120 447 628 602 
test_Sumida_00145.jpg,7 466 456 611 522 4 370 440 585 597 
test_Sumida_00146.jpg,2 207 404 295 585 5 370 420 616 595 5 75 427 266 593 
test_Sumida_00147.jpg,7 -2 448 191 627 3 269 386 337 568 
test_Sumida_00148.jpg,8 267 380 582 521 
test_Sumida_00149.jpg,2 242 371 328 534 
test_Sumida_00150.jpg,7 383 406 572 587 
test_Sumida_00151.jpg,5 349 379 544 573 
test_Sumida_00152.jpg,8 397 448 500 567 
test_Sumida_00153.jpg,3 323 401 454 593 7 132 421 289 546 
test_Sumida_00154.jpg,5 230 402 383 479 8 369 427 468 499 
test_Sumida_00155.jpg,3 233 393 490 579 
test_Sumida_00156.jpg,6 182 442 288 575 
test_Sumida_00157.jpg,2 309 384 606 597 5 118 393 316 586 
test_Sumida_00158.jpg,7 303 354 621 562 1 136 381 294 553 
test_Sumida_00159.jpg,2 159 413 345 604 
test_Sumida_00160.jpg,5 367 427 534 618 
test_Sumida_00161.jpg,7 72 482 384 580 2 323 390 576 576 6 155 424 286 549 
test_Sumida_00162.jpg,1 345 408 480 499 
test_Sumida_00163.jpg,7 191 412 313 472 
test_Sumida_00164.jpg,6 202 404 625 528 
test_Sumida_00165.jpg,8 415 436 618 584 1 -11 399 245 585 
test_Sumida_00166.jpg,6 331 375 409 575 
test_Sumida_00167.jpg,7 175 434 558 526 1 362 424 623 640 
test_Sumida_00168.jpg,2 249 398 319 567 
test_Sumida_00169.jpg,5 -9 501 122 593 7 -12 393 317 607 
test_Sumida_00170.jpg,4 302 383 439 553 
test_Sumida_00171.jpg,3 272 477 382 606 
test_Sumida_00172.jpg,7 125 421 621 572 
test_Sumida_00173.jpg,5 12 464 178 597 7 140 400 305 607 
test_Sumida_00174.jpg,8 395 372 621 570 1 121 445 453 536 7 270 419 350 513 
test_Sumida_00175.jpg,5 273 413 578 518 
test_Sumida_00176.jpg,8 282 379 363 515 
test_Sumida_00177.jpg,7 382 395 637 561 
test_Sumida_00178.jpg,7 69 517 649 644 3 228 435 303 568 
test_Sumida_00179.jpg,1 350 428 525 563 
test_Sumida_00180.jpg,8 194 436 307 573 7 120 477 240 618 
test_Sumida_00181.jpg,8 -10 495 629 627 
test_Sumida_00182.jpg,6 255 436 347 583 3 352 455 458 605 
test_Sumida_00183.jpg,5 339 426 489 515 4 286 386 415 461 
test_Sumida_00184.jpg,3 301 398 411 568 
test_Sumida_00185.jpg,1 224 376 336 554 
test_Sumida_00186.jpg,4 389 423 648 635 
test_Sumida_00187.jpg,6 339 393 537 596 
test_Sumida_00188.jpg,1 106 411 265 605 6 86 441 153 548 4 186 435 305 533 
test_Sumida_00189.jpg,2 306 378 445 555 
test_Sumida_00190.jpg,3 182 428 379 511 5 331 439 389 594 
test_Sumida_00191.jpg,1 324 405 395 576 
test_Sumida_00192.jpg,5 255 407 515 552 6 235 396 328 552 
test_Sumida_00193.jpg,7 173 378 310 560 
test_Sumida_00194.jpg,7 186 414 635 599 
test_Sumida_00195.jpg,6 396 417 650 611 
test_Sumida_00196.jpg,8 185 443 247 575 
test_Sumida_00197.jpg,3 212 368 302 493 
test_Sumida_00198.jpg,8 356 408 524 565 
test_Sumida_00199.jpg,1 344 402 623 614 1 164 393 305 592 
test_Sumida_00200.jpg,5 404 423 493 501 4 214 419 390 592 
test_Sumida_00201.jpg,4 359 436 449 580 
test_Sumida_00202.jpg,8 253 407 325 569 
test_Sumida_00203.jpg,1 233 476 483 558 
test_Sumida_00204.jpg,1 402 409 624 577 
test_Sumida_00205.jpg,1 376 400 620 624 
test_Sumida_00206.jpg,5 299 456 379 571 5 310 452 647 522 
test_Sumida_00207.jpg,7 184 467 247 567 
test_Sumida_00208.jpg,2 260 415 473 562 2 485 402 615 608 
test_Sumida_00209.jpg,7 427 455 526 589 
test_Sumida_00210.jpg,1 311 425 423 576 
test_Sumida_00211.jpg,7 337 380 585 582 
test_Sumida_00212.jpg,6 314 390 404 546 
test_Sumida_00213.jpg,7 350 418 468 529 6 296 366 396 487 
test_Sumida_00214.jpg,1 67 451 237 583 
test_Sumida_00215.jpg,5 369 426 620 603 
test_Sumida_00216.jpg,6 50 433 635 541 
test_Sumida_00217.jpg,6 240 456 495 558 
test_Sumida_00218.jpg,4 241 391 319 537 
test_Sumida_00219.jpg,4 352 391 637 603 7 210 378 336 561 
test_Sumida_00220.jpg,3 180 383 303 578 
test_Sumida_00221.jpg,6 345 382 645 583 
test_Sumida_00222.jpg,4 281 392 356 498 
test_Sumida_00223.jpg,6 319 376 548 573 2 312 381 397 561 
test_Sumida_00224.jpg,1 170 388 282 485 
test_Sumida_00225.jpg,3 416 435 615 584 
test_Sumida_00226.jpg,8 125 408 344 596 1 205 427 336 597 
test_Sumida_00227.jpg,2 331 397 506 587 
test_Sumida_00228.jpg,7 207 429 642 517 8 1 464 548 580 
test_Ichihara_00001.jpg,4 1 385 275 610 
test_Ichihara_00002.jpg,1 14 390 331 631 7 367 412 559 641 
test_Ichihara_00003.jpg,5 351 393 648 589 7 322 396 478 591 
test_Ichihara_00004.jpg,7 279 452 391 647 
test_Ichihara_00005.jpg,6 61 354 568 638 
test_Ichihara_00006.jpg,3 135 370 430 649 
test_Ichihara_00007.jpg,7 398 396 649 619 5 37 414 292 607 4 128 415 311 643 
test_Ichihara_00008.jpg,7 460 440 610 573 6 204 430 330 605 
test_Ichihara_00009.jpg,1 368 350 613 528 5 33 440 242 628 2 237 399 378 615 
test_Ichihara_00010.jpg,1 284 349 329 423 2 279 425 375 624 
test_Ichihara_00011.jpg,2 334 442 433 531 8 241 517 470 618 
test_Ichihara_00012.jpg,6 146 403 626 621 
test_Ichihara_00013.jpg,1 459 411 639 517 
test_Ichihara_00014.jpg,5 325 382 610 581 5 164 500 267 637 
test_Ichihara_00015.jpg,4 -13 383 303 545 2 6 373 633 628 
test_Ichihara_00016.jpg,1 496 486 627 634 3 182 509 285 628 
test_Ichihara_00017.jpg,1 -3 420 626 573 
test_Ichihara_00018.jpg,5 419 398 639 569 7 211 503 353 620 
test_Ichihara_00019.jpg,4 247 492 363 620 
test_Ichihara_00020.jpg,4 -1 407 616 638 
test_Ichihara_00021.jpg,1 396 396 643 595 6 131 401 328 648 
test_Ichihara_00022.jpg,2 340 373 620 631 
test_Ichihara_00023.jpg,4 377 367 620 624 8 268 433 589 507 
test_Ichihara_00024.jpg,2 425 369 580 473 6 267 356 377 466 6 131 461 308 644 
test_Ichihara_00025.jpg,7 366 365 622 608 6 209 446 483 641 
test_Ichihara_00026.jpg,5 431 472 592 631 1 394 410 499 500 
test_Ichihara_00027.jpg,7 -7 373 283 631 2 132 385 334 610 
test_Ichihara_00028.jpg,8 6 442 612 605 
test_Ichihara_00029.jpg,7 400 403 579 625 
test_Ichihara_00030.jpg,6 389 382 650 578 4 71 379 349 617 
test_Ichihara_00031.jpg,5 435 380 539 479 5 445 417 641 549 
test_Ichihara_00032.jpg,5 -1 448 632 610 
test_Ichihara_00033.jpg,8 441 421 604 589 7 189 413 283 478 3 313 393 420 459 1 208 440 326 627 5 -5 486 163 619 
test_Ichihara_00034.jpg,8 299 487 470 642 6 91 385 422 625 
test_Ichihara_00035.jpg,2 367 448 513 610 
test_Ichihara_00036.jpg,1 -11 431 634 626 
test_Ichihara_00037.jpg,5 -18 431 221 618 1 357 396 535 620 
test_Ichihara_00038.jpg,5 411 435 539 617 
test_Ichihara_00039.jpg,3 376 406 630 627 
test_Ichihara_00040.jpg,6 459 441 645 566 6 195 441 323 637 
test_Ichihara_00041.jpg,6 380 368 615 624 4 -19 407 270 638 3 168 410 337 639 
test_Ichihara_00042.jpg,1 4 473 186 630 
test_Ichihara_00043.jpg,7 213 387 632 637 
test_Ichihara_00044.jpg,8 447 375 543 478 2 206 448 282 513 
test_Ichihara_00045.jpg,5 -11 458 629 619 
test_Ichihara_00046.jpg,5 472 540 610 632 5 121 415 333 613 
test_Ichihara_00047.jpg,7 468 403 614 547 
test_Ichihara_00048.jpg,3 438 441 609 630 
test_Ichihara_00049.jpg,8 383 393 514 490 1 122 401 223 489 2 -19 465 167 604 6 479 460 619 617 
test_Ichihara_00050.jpg,5 18 397 648 603 
test_Ichihara_00051.jpg,3 88 390 649 641 
test_Nagakute_00001.jpg,4 387 331 639 535 6 9 325 311 614 8 227 308 587 413 
test_Nagakute_00002.jpg,3 252 365 412 613 
test_Nagakute_00003.jpg,8 188 395 318 602 
test_Nagakute_00004.jpg,3 403 443 610 611 4 87 417 264 633 
test_Nagakute_00005.jpg,3 52 411 399 641 
test_Nagakute_00006.jpg,6 497 468 638 610 6 -16 382 304 640 
test_Nagakute_00007.jpg,4 55 298 294 613 3 359 337 623 624 
test_Nagakute_00008.jpg,4 97 364 585 634 
test_Nagakute_00009.jpg,2 -4 357 91 574 8 310 289 630 632 
test_Nagakute_00010.jpg,1 253 352 378 621 
test_Nagakute_00011.jpg,4 135 270 646 605 
test_Nagakute_00012.jpg,8 119 344 351 643 
test_Nagakute_00013.jpg,3 152 325 275 576 
test_Nagakute_00014.jpg,6 1 356 580 638 
test_Nagakute_00015.jpg,1 -3 419 649 635 
test_Nagakute_00016.jpg,4 26 384 626 627 
test_Nagakute_00017.jpg,8 6 500 331 629 6 393 408 521 601 
test_Nagakute_00018.jpg,6 -5 361 201 499 
test_Nagakute_00019.jpg,4 372 282 613 522 
test_Nagakute_00020.jpg,4 -19 247 206 428 5 -4 304 449 637 
test_Nagakute_00021.jpg,5 99 236 240 647 
test_Nagakute_00022.jpg,2 212 394 526 480 3 94 334 305 504 
test_Nagakute_00023.jpg,2 50 321 272 632 
test_Nagakute_00024.jpg,1 -7 432 550 632 
test_Nagakute_00025.jpg,3 260 327 601 616 2 1 326 193 541 5 77 389 189 556 
test_Nagakute_00026.jpg,1 131 424 274 609 
test_Nagakute_00027.jpg,8 277 299 641 578 1 -5 302 207 553 
test_Nagakute_00028.jpg,8 117 446 235 625 4 293 427 480 564 
test_Nagakute_00029.jpg,8 -3 389 596 644 
test_Nagakute_00030.jpg,2 314 387 570 617 5 254 334 390 619 
test_Nagakute_00031.jpg,7 1 421 611 632 
test_Nagakute_00032.jpg,3 126 333 243 641 
test_Nagakute_00033.jpg,7 207 330 507 642 6 142 428 234 531 
test_Nagakute_00034.jpg,6 232 327 324 644 
test_Nagakute_00035.jpg,7 149 316 282 461 
test_Nagakute_00036.jpg,1 -14 414 614 549 
test_Nagakute_00037.jpg,2 3 377 617 608 
test_Nagakute_00038.jpg,2 0 383 227 646 6 128 452 293 595 
test_Nagakute_00039.jpg,1 -8 297 220 532 5 299 336 584 611 4 37 376 230 626 
test_Nagakute_00040.jpg,4 234 396 360 601 
test_Nagakute_00041.jpg,2 217 475 430 620 
test_Nagakute_00042.jpg,4 295 309 649 585 1 204 403 415 650 
test_Nagakute_00043.jpg,4 -14 296 223 550 3 299 382 436 541 6 115 404 233 626 
test_Nagakute_00044.jpg,3 257 363 435 510 3 355 464 443 581 
test_Nagakute_00045.jpg,5 183 346 624 628 
test_Nagakute_00046.jpg,2 229 323 338 612 
test_Nagakute_00047.jpg,5 56 382 507 641 
test_Nagakute_00048.jpg,8 253 367 428 607 
test_Nagakute_00049.jpg,3 484 460 632 531 4 262 305 504 610 5 104 380 397 450 8 54 432 254 490 4 -14 524 368 642 
test_Nagakute_00050.jpg,3 248 394 431 616 
test_Nagakute_00051.jpg,6 300 342 605 608 8 -17 314 234 554 1 73 416 238 620 
test_Nagakute_00052.jpg,5 313 402 564 626 8 19 349 227 629 
test_Nagakute_00053.jpg,8 173 317 245 614 
test_Nagakute_00054.jpg,1 127 372 266 567 5 27 320 245 544 
test_Nagakute_00055.jpg,5 79 345 526 646 
test_Nagakute_00056.jpg,1 123 319 462 403 3 -11 242 256 593 
test_Nagakute_00057.jpg,7 337 308 500 629 
test_Nagakute_00058.jpg,4 -8 318 185 470 3 273 431 395 596 
test_Nagakute_00059.jpg,8 -16 317 206 541 1 4 520 567 606 1 261 333 638 640 
test_Nagakute_00060.jpg,7 4 465 536 589 
test_Nagakute_00061.jpg,8 -8 414 648 645 
test_Nagakute_00062.jpg,6 322 446 469 562 5 191 348 465 648 
test_Nagakute_00063.jpg,3 -8 293 214 508 4 319 475 615 570 1 215 304 302 634 
test_Nagakute_00064.jpg,2 254 366 580 647 8 273 484 410 644 7 -11 507 240 616 
test_Nagakute_00065.jpg,8 156 345 265 647 
test_Nagakute_00066.jpg,5 274 337 337 612 
test_Nagakute_00067.jpg,3 176 372 370 617 
test_Nagakute_00068.jpg,7 39 366 624 573 
test_Nagakute_00069.jpg,5 237 317 578 625 
test_Nagakute_00070.jpg,1 207 350 265 627 
test_Nagakute_00071.jpg,1 197 383 615 592 
test_Nagakute_00072.jpg,7 1 404 390 502 5 216 429 301 610 
test_Nagakute_00073.jpg,4 321 282 641 557 5 81 357 288 638 
test_Nagakute_00074.jpg,1 450 352 636 496 5 121 332 305 639 
test_Nagakute_00075.jpg,5 366 319 639 594 2 249 312 351 637 5 165 349 312 594 
test_Nagakute_00076.jpg,1 86 376 603 634 2 247 325 422 614 
test_Nagakute_00077.jpg,2 54 354 277 645 8 334 319 504 636 
test_Nagakute_00078.jpg,1 282 229 640 556 1 -14 246 243 526 2 278 322 460 454 
test_Nagakute_00079.jpg,7 255 399 397 539 3 31 363 245 624 
test_Nagakute_00080.jpg,5 31 449 241 534 7 285 455 564 543 8 185 404 340 623 3 219 355 293 623 8 -10 344 203 527 
test_Nagakute_00081.jpg,8 79 409 190 545 
test_Nagakute_00082.jpg,6 130 328 335 631 5 385 353 642 511 
test_Nagakute_00083.jpg,2 50 325 591 649 
test_Nagakute_00084.jpg,2 85 313 279 630 1 224 352 427 436 6 111 298 295 635 
test_Nagakute_00085.jpg,2 107 353 626 640 3 279 389 636 626 
test_Nagakute_00086.jpg,4 0 426 434 633 4 169 355 307 632 
test_Nagakute_00087.jpg,3 -17 361 241 610 2 135 436 252 647 
test_Nagakute_00088.jpg,2 306 334 582 649 7 -18 310 309 609 
test_Nagakute_00089.jpg,2 238 315 323 621 8 184 348 340 526 4 465 467 620 612 
test_Nagakute_00090.jpg,3 130 376 622 643 
test_Nagakute_00091.jpg,5 73 303 225 487 
test_Nagakute_00092.jpg,5 291 470 637 574 2 60 339 625 618 
test_Nagakute_00093.jpg,2 266 344 621 637 3 32 318 227 644 
test_Nagakute_00094.jpg,2 -7 440 631 641 
test_Nagakute_00095.jpg,8 18 369 274 620 
test_Nagakute_00096.jpg,3 -12 268 166 433 1 -10 353 87 511 5 -7 472 385 590 4 323 374 504 579 
test_Nagakute_00097.jpg,4 167 386 335 553 
test_Nagakute_00098.jpg,2 270 304 613 628 4 336 382 643 640 
test_Nagakute_00099.jpg,6 107 368 640 649 
test_Nagakute_00100.jpg,6 152 338 270 459 
test_Nagakute_00101.jpg,1 193 236 294 618 6 293 320 629 577 
test_Nagakute_00102.jpg,5 -14 334 332 634 5 363 271 459 616 
test_Nagakute_00103.jpg,6 132 448 409 618 8 238 345 431 643 
test_Nagakute_00104.jpg,1 294 317 637 584 2 327 326 620 561 
test_Nagakute_00105.jpg,8 372 512 611 643 
test_Nagakute_00106.jpg,2 71 353 457 482 
test_Nagakute_00107.jpg,5 234 270 635 629 7 140 285 283 645 
test_Nagakute_00108.jpg,2 171 409 333 632 
test_Nagakute_00109.jpg,6 246 296 481 617 2 72 426 344 514 
test_Nagakute_00110.jpg,2 -17 269 251 586 2 267 236 354 638 
test_Nagakute_00111.jpg,4 98 373 607 603 
test_Nagakute_00112.jpg,7 16 361 196 636 
test_Nagakute_00113.jpg,1 61 244 291 641 
test_Nagakute_00114.jpg,2 264 313 602 627 2 17 376 180 630 6 220 332 357 618 
test_Nagakute_00115.jpg,4 -6 380 383 510 
test_Nagakute_00116.jpg,6 285 380 535 624 6 162 432 268 580 
test_Nagakute_00117.jpg,2 160 470 359 556 5 198 349 514 614 
test_Nagakute_00118.jpg,7 280 321 608 642 
test_Nagakute_00119.jpg,3 272 371 466 604 
test_Nagakute_00120.jpg,6 -13 341 240 600 
test_Nagakute_00121.jpg,7 -8 387 158 581 1 57 446 205 617 8 196 412 331 599 
test_Nagakute_00122.jpg,2 83 370 312 449 3 223 310 434 612 
test_Nagakute_00123.jpg,3 40 356 559 610 
test_Nagakute_00124.jpg,3 279 302 625 578 5 122 396 259 608 1 327 367 596 613 2 -4 359 188 581 
test_Nagakute_00125.jpg,1 3 362 648 631 
test_Nagakute_00126.jpg,8 386 370 637 470 7 426 435 624 499 2 235 330 647 621 
test_Nagakute_00127.jpg,6 273 508 430 631 8 208 520 326 620 
test_Nagakute_00128.jpg,4 -10 284 645 649 
test_Nagakute_00129.jpg,1 366 412 647 631 2 218 305 496 620 
test_Nagakute_00130.jpg,3 163 411 268 647 
test_Nagakute_00131.jpg,6 -8 300 245 515 2 265 349 448 633 
test_Nagakute_00132.jpg,1 305 318 644 628 5 -12 312 243 645 8 212 316 289 631 
test_Nagakute_00133.jpg,7 -2 470 636 638 
test_Nagakute_00134.jpg,3 224 295 403 646 8 82 380 320 448 7 -3 456 339 609 
test_Nagakute_00135.jpg,1 295 337 623 607 5 21 353 233 625 
test_Nagakute_00136.jpg,1 24 355 270 633 2 124 333 321 617 
test_Nagakute_00137.jpg,8 179 412 310 629 
test_Nagakute_00138.jpg,5 347 320 621 618 
test_Nagakute_00139.jpg,6 262 342 575 646 3 33 360 179 621 
test_Nagakute_00140.jpg,3 375 512 626 604 8 232 382 443 634 
test_Nagakute_00141.jpg,6 -6 370 222 604 8 116 351 329 453 
test_Nagakute_00142.jpg,2 19 291 632 642 1 338 332 567 535 
test_Nagakute_00143.jpg,5 272 235 643 613 7 248 358 361 635 6 306 307 635 642 
test_Nagakute_00144.jpg,1 0 373 256 583 
test_Nagakute_00145.jpg,5 57 443 195 625 
test_Nagakute_00146.jpg,1 363 443 621 627 3 93 410 603 610 
test_Nagakute_00147.jpg,2 65 436 203 625 
test_Nagakute_00148.jpg,7 373 392 538 545 
test_Nagakute_00149.jpg,4 353 387 542 547 
test_Nagakute_00150.jpg,7 194 321 299 632 4 31 426 587 575 
test_Nagakute_00151.jpg,6 -8 341 178 638 1 342 418 561 621 5 235 330 602 644 
test_Nagakute_00152.jpg,2 -12 396 129 566 5 490 423 649 559 3 127 444 253 629 
test_Nagakute_00153.jpg,2 -16 406 644 618 
test_Nagakute_00154.jpg,8 -4 483 611 592 
test_Nagakute_00155.jpg,1 324 425 555 610 
test_Nagakute_00156.jpg,7 -19 301 229 605 3 44 422 265 645 
test_Nagakute_00157.jpg,1 290 416 634 618 
test_Nagakute_00158.jpg,5 -17 358 127 507 3 312 284 642 548 5 281 353 601 631 
test_Nagakute_00159.jpg,1 163 236 277 516 
test_Nagakute_00160.jpg,5 23 360 224 600 6 30 312 264 611 7 313 494 626 580 
test_Nagakute_00161.jpg,3 289 325 619 597 7 269 304 595 627 
test_Nagakute_00162.jpg,2 0 345 207 562 4 312 337 620 609 3 89 442 296 617 
test_Nagakute_00163.jpg,3 7 246 617 461 
test_Nagakute_00164.jpg,8 358 362 632 640 7 209 226 369 630 
test_Nagakute_00165.jpg,1 1 317 616 614 
test_Nagakute_00166.jpg,8 218 503 569 582 5 197 313 270 647 
test_Nagakute_00167.jpg,4 315 251 637 586 2 -4 248 315 529 1 340 444 453 646 3 256 272 384 638 
test_Nagakute_00168.jpg,4 373 394 534 566 7 -12 446 640 587 3 48 513 200 611 
test_Nagakute_00169.jpg,7 -1 433 359 541 2 229 299 386 645 
test_Nagakute_00170.jpg,2 -9 322 598 619 
test_Nagakute_00171.jpg,1 284 359 442 525 4 46 367 218 544 
test_Nagakute_00172.jpg,1 251 345 350 607 
test_Nagakute_00173.jpg,2 -11 323 596 546 3 75 457 567 612 
test_Nagakute_00174.jpg,8 87 474 621 613 
test_Nagakute_00175.jpg,1 3 366 251 627 5 253 357 486 629 
test_Nagakute_00176.jpg,5 -16 318 249 492 3 151 357 268 467 2 384 438 534 639 
test_Nagakute_00177.jpg,3 37 353 560 610 
test_Nagakute_00178.jpg,7 21 341 231 617 6 350 351 645 601 5 227 355 317 639 1 158 380 266 638 
test_Nagakute_00179.jpg,6 294 381 648 615 
test_Nagakute_00180.jpg,7 65 327 259 610 
test_Nagakute_00181.jpg,4 66 353 583 616 
test_Nagakute_00182.jpg,4 276 327 627 640 
test_Nagakute_00183.jpg,2 -12 339 155 613 2 180 339 325 462 1 -11 494 319 607 
test_Nagakute_00184.jpg,6 142 456 254 626 1 265 367 538 632 3 61 343 203 615 
test_Nagakute_00185.jpg,6 250 336 407 621 
test_Nagakute_00186.jpg,6 288 426 422 603 7 213 465 337 646 
test_Nagakute_00187.jpg,2 137 303 301 634 1 180 393 561 634 
test_Nagakute_00188.jpg,2 265 362 531 598 5 293 442 457 591 
test_Nagakute_00189.jpg,6 353 371 617 613 1 246 416 455 529 
test_Nagakute_00190.jpg,1 15 335 265 646 
test_Nagakute_00191.jpg,6 26 422 199 617 
test_Nagakute_00192.jpg,6 323 315 612 590 
test_Nagakute_00193.jpg,1 324 312 557 615 1 -10 314 291 639 
test_Nagakute_00194.jpg,1 182 312 313 636 
test_Nagakute_00195.jpg,8 75 329 533 609 
test_Nagakute_00196.jpg,5 -7 302 212 471 5 71 357 211 449 5 219 344 347 544 
test_Nagakute_00197.jpg,7 137 352 235 649 4 -1 476 224 540 
test_Nagakute_00198.jpg,8 228 400 337 626 
test_Nagakute_00199.jpg,1 344 346 613 634 
test_Nagakute_00200.jpg,1 78 453 215 530 7 312 399 592 623 
test_Nagakute_00201.jpg,3 15 400 242 614 2 203 440 417 626 
test_Nagakute_00202.jpg,4 244 345 630 622 
test_Nagakute_00203.jpg,3 -19 407 174 648 8 268 319 610 625 
test_Nagakute_00204.jpg,7 -3 454 643 634 
test_Nagakute_00205.jpg,8 285 365 462 616 
test_Nagakute_00206.jpg,8 -17 390 123 526 5 -3 302 213 559 6 276 413 406 557 
test_Nagakute_00207.jpg,4 361 394 567 513 4 256 238 650 650 
test_Nagakute_00208.jpg,4 289 469 446 616 6 50 446 156 602 
test_Nagakute_00209.jpg,8 141 469 265 614 6 178 451 447 644 
test_Nagakute_00210.jpg,1 35 392 384 544 
test_Nagakute_00211.jpg,6 -4 409 648 624 
test_Nagakute_00212.jpg,1 222 401 505 585 1 179 295 260 624 
test_Nagakute_00213.jpg,3 287 342 622 628 5 -18 349 243 561 
test_Nagakute_00214.jpg,7 253 284 525 625 8 -16 295 155 543 1 26 287 208 631 
test_Nagakute_00215.jpg,8 300 347 549 586 6 32 385 188 600 
test_Nagakute_00216.jpg,6 -4 449 571 629 
test_Nagakute_00217.jpg,2 142 372 306 603 
test_Nagakute_00218.jpg,6 174 307 345 622 
test_Nagakute_00219.jpg,8 92 397 218 607 2 243 292 624 642 
test_Nagakute_00220.jpg,6 161 463 349 548 4 233 305 502 626 
test_Nagakute_00221.jpg,5 410 474 607 629 3 2 456 594 564 2 319 314 432 461 
test_Nagakute_00222.jpg,1 -15 284 83 639 6 376 385 634 548 1 67 437 593 524 
test_Nagakute_00223.jpg,3 63 365 632 613 
test_Nagakute_00224.jpg,4 249 349 559 455 5 310 389 388 454 5 240 442 369 635 3 66 326 221 493 
test_Nagakute_00225.jpg,2 9 487 629 599 2 133 331 611 488 
test_Nagakute_00226.jpg,6 1 314 194 474 3 260 312 569 629 4 98 347 215 514 
test_Nagakute_00227.jpg,1 162 313 343 571 
test_Nagakute_00228.jpg,5 -15 338 412 632 
test_Nagakute_00229.jpg,6 257 345 359 616 5 132 442 245 607 5 340 380 572 609 
test_Nagakute_00230.jpg,7 143 448 237 530 7 68 389 319 628 2 269 292 429 635 
test_Nagakute_00231.jpg,2 151 321 345 473 6 2 452 612 506 1 276 291 356 493 
test_Nagakute_00232.jpg,6 255 340 504 611 2 90 391 393 606 
test_Nagakute_00233.jpg,8 317 313 604 602 6 168 311 305 601 2 341 390 529 643 
test_Nagakute_00234.jpg,2 244 331 322 619 
test_Nagakute_00235.jpg,5 -4 314 216 506 
test_Nagakute_00236.jpg,7 262 352 550 636 
test_Nagakute_00237.jpg,7 1 285 224 556 4 48 384 190 605 
test_Nagakute_00238.jpg,2 5 472 646 598 3 411 342 550 509 
test_Nagakute_00239.jpg,4 263 372 506 610 2 231 413 358 637 
test_Nagakute_00240.jpg,4 204 318 312 454 6 266 289 642 552 
test_Nagakute_00241.jpg,3 309 326 424 614 6 -4 318 307 641 8 80 436 245 643 
test_Nagakute_00242.jpg,4 294 344 500 643 3 -6 327 233 633 
test_Nagakute_00243.jpg,7 145 494 260 607 
test_Nagakute_00244.jpg,8 -14 319 197 519 6 316 399 457 573 
test_Nagakute_00245.jpg,3 237 330 643 625 7 -1 291 152 469 7 158 331 251 622 
test_Nagakute_00246.jpg,1 236 340 377 648 
test_Nagakute_00247.jpg,1 277 303 341 639 5 -4 293 303 612 
test_Nagakute_00248.jpg,5 0 263 178 425 6 77 443 245 630 1 221 288 650 611 
test_Nagakute_00249.jpg,8 165 308 266 612 
test_Nagakute_00250.jpg,7 2 387 612 614 
test_Nagakute_00251.jpg,6 323 303 645 566 
test_Nagakute_00252.jpg,1 270 316 570 623 
test_Nagakute_00253.jpg,4 313 461 541 650 
test_Nagakute_00254.jpg,2 261 454 372 622 7 -11 312 225 520 
test_Nagakute_00255.jpg,6 288 320 619 568 5 102 295 230 529 7 7 376 617 613 
test_Nagakute_00256.jpg,6 292 498 375 585 
test_Nagakute_00257.jpg,8 310 319 492 635 4 133 260 328 629 
test_Nagakute_00258.jpg,6 329 432 489 561 3 33 525 352 643 
test_Nagakute_00259.jpg,7 -16 290 239 616 3 301 356 545 647 
test_Nagakute_00260.jpg,8 248 302 519 632 1 215 318 436 417 6 198 398 557 513 8 159 516 505 593 
test_Nagakute_00261.jpg,1 -14 312 225 523 2 29 448 188 587 
test_Nagakute_00262.jpg,1 275 397 438 588 
test_Nagakute_00263.jpg,7 317 342 483 522 
test_Nagakute_00264.jpg,2 30 266 373 580 
test_Nagakute_00265.jpg,7 208 303 646 622 7 119 294 307 534 2 -6 269 117 495 
test_Nagakute_00266.jpg,8 220 319 341 532 
test_Nagakute_00267.jpg,4 -18 295 250 611 6 51 325 287 623 5 368 339 649 597 
test_Nagakute_00268.jpg,5 305 402 647 516 2 147 256 375 645 7 47 236 246 623 
test_Nagakute_00269.jpg,8 104 321 509 610 
test_Nagakute_00270.jpg,8 -13 288 233 490 8 294 311 647 624 6 61 338 218 540 5 229 354 387 627 
test_Nagakute_00271.jpg,4 455 460 589 610 7 284 449 442 631 4 77 231 236 617 
test_Nagakute_00272.jpg,5 437 412 600 539 
test_Nagakute_00273.jpg,8 344 331 622 650 1 -7 230 272 633 3 72 450 190 617 2 246 235 369 635 
test_Nagakute_00274.jpg,2 4 454 598 650 
